feature,importance,fold
ACTIVE_AMT_ANNUITY_MAX,3969.8755755582824,55
ACTIVE_AMT_ANNUITY_MEAN,3891.8267583251,55
ACTIVE_AMT_CREDIT_MAX_OVERDUE_MAX,6408.222297936678,55
ACTIVE_AMT_CREDIT_MAX_OVERDUE_MEAN,7053.986197289079,55
ACTIVE_AMT_CREDIT_MAX_OVERDUE_MIN,2248.6946243951097,55
ACTIVE_AMT_CREDIT_MAX_OVERDUE_SKEW,1527.4631317257881,55
ACTIVE_AMT_CREDIT_MAX_OVERDUE_VAR,2915.681841790676,55
ACTIVE_AMT_CREDIT_SUM_DEBT_MEAN,17919.49573226273,55
ACTIVE_AMT_CREDIT_SUM_DEBT_SUM,19844.893958619796,55
ACTIVE_AMT_CREDIT_SUM_LIMIT_MEAN,9571.774159036577,55
ACTIVE_AMT_CREDIT_SUM_LIMIT_SUM,5119.200867049396,55
ACTIVE_AMT_CREDIT_SUM_MEAN,22898.81246177107,55
ACTIVE_AMT_CREDIT_SUM_OVERDUE_MEAN,5675.719035804272,55
ACTIVE_AMT_CREDIT_SUM_SUM,24518.346149854362,55
ACTIVE_CREDIT_ACTIVE_BINARY_MEAN,0.0,55
ACTIVE_CREDIT_DAY_OVERDUE_MEAN,216.57910072803497,55
ACTIVE_CREDIT_ENDDATE_BINARY_MEAN,6639.168935991824,55
ACTIVE_CREDIT_SUM_TO_ANNUITY_RATIO_MAX,4140.392433308065,55
ACTIVE_CREDIT_SUM_TO_ANNUITY_RATIO_MEAN,3626.0022350102663,55
ACTIVE_CREDIT_SUM_TO_ANNUITY_RATIO_MIN,3253.321882367134,55
ACTIVE_CREDIT_SUM_TO_ANNUITY_RATIO_VAR,623.5430898070335,55
ACTIVE_CREDIT_SUM_TO_DEBT_RATIO_MAX,25989.23771739006,55
ACTIVE_CREDIT_SUM_TO_DEBT_RATIO_MEAN,28689.246129292995,55
ACTIVE_CREDIT_SUM_TO_DEBT_RATIO_MIN,99207.18165857997,55
ACTIVE_CREDIT_SUM_TO_LIMIT_RATIO_MAX,3166.3575338721275,55
ACTIVE_CREDIT_SUM_TO_LIMIT_RATIO_MEAN,3277.20673930645,55
ACTIVE_CREDIT_SUM_TO_LIMIT_RATIO_MIN,8109.688653066754,55
ACTIVE_CREDIT_SUM_TO_MAX_OVERDUE_RATIO_MIN,6624.390651091933,55
ACTIVE_CREDIT_SUM_TO_OVERDUE_RATIO_MAX,45.75529956817627,55
ACTIVE_CREDIT_SUM_TO_OVERDUE_RATIO_MEAN,334.34119415283203,55
ACTIVE_CREDIT_SUM_TO_OVERDUE_RATIO_MIN,821.493270277977,55
ACTIVE_DAYS_CREDIT_ENDDATE_MEAN,29899.76328868419,55
ACTIVE_DAYS_CREDIT_MAX,25298.447110407054,55
ACTIVE_DAYS_CREDIT_MEAN,18860.897047856823,55
ACTIVE_DAYS_CREDIT_MIN,12355.172774137929,55
ACTIVE_DAYS_CREDIT_SKEW,12372.679291610606,55
ACTIVE_DAYS_CREDIT_UPDATE_MEAN,16292.067101335153,55
ACTIVE_DAYS_CREDIT_VAR,10450.229553825571,55
ACTIVE_DAY_OVERDUE_TO_DAYS_CREDIT_RATIO_SKEW,673.1237987726927,55
ACTIVE_DAY_OVERDUE_TO_DAYS_CREDIT_RATIO_VAR,469.4383074045181,55
ACTIVE_ENDDATE_FACT_TO_DAYS_CREDIT_RATIO_MAX,0.0,55
ACTIVE_ENDDATE_FACT_TO_DAYS_CREDIT_RATIO_MEAN,5.052609920501709,55
ACTIVE_ENDDATE_FACT_TO_DAYS_CREDIT_RATIO_MIN,0.0,55
ACTIVE_ENDDATE_FACT_TO_DAYS_CREDIT_RATIO_SKEW,0.0,55
ACTIVE_ENDDATE_FACT_TO_DAYS_CREDIT_RATIO_VAR,0.0,55
ACTIVE_ENDDATE_TO_DAYS_CREDIT_RATIO_MAX,22168.07347900793,55
ACTIVE_ENDDATE_TO_DAYS_CREDIT_RATIO_MEAN,20297.657514624298,55
ACTIVE_ENDDATE_TO_DAYS_CREDIT_RATIO_MIN,18937.56880768668,55
ACTIVE_ENDDATE_TO_DAYS_CREDIT_RATIO_SKEW,5346.380922699347,55
ACTIVE_ENDDATE_TO_DAYS_CREDIT_RATIO_VAR,14468.252705065534,55
ACTIVE_MAX_OVERDUE_TO_DAYS_CREDIT_RATIO_MAX,1674.46409034729,55
ACTIVE_MAX_OVERDUE_TO_DAYS_CREDIT_RATIO_MEAN,8085.848031021655,55
ACTIVE_MAX_OVERDUE_TO_DAYS_CREDIT_RATIO_MIN,11059.402218744159,55
ACTIVE_MAX_OVERDUE_TO_DAYS_CREDIT_RATIO_SKEW,1264.0752767920494,55
ACTIVE_MAX_OVERDUE_TO_DAYS_CREDIT_RATIO_VAR,6544.6066625490785,55
ACTIVE_MONTHS_BALANCE_MAX_MAX,790.4949283078313,55
ACTIVE_MONTHS_BALANCE_MIN_MIN,3306.024526849389,55
ACTIVE_MONTHS_BALANCE_SIZE_MEAN,7436.009610675275,55
ACTIVE_MONTHS_BALANCE_SIZE_SUM,4311.952645394951,55
ACTIVE_UPDATE_TO_DAYS_CREDIT_RATIO_MAX,14291.358890369534,55
ACTIVE_UPDATE_TO_DAYS_CREDIT_RATIO_MEAN,14520.58080863196,55
ACTIVE_UPDATE_TO_DAYS_CREDIT_RATIO_MIN,13217.564770987257,55
ACTIVE_UPDATE_TO_DAYS_CREDIT_RATIO_SKEW,9955.477933397517,55
ACTIVE_UPDATE_TO_DAYS_CREDIT_RATIO_VAR,14079.565472056973,55
AMT_ANNUITY,56046.04874814674,55
AMT_CREDIT,33195.270038858056,55
AMT_GOODS_PRICE,55791.23291372508,55
AMT_INCOME_TOTAL,10880.431526182569,55
AMT_REQ_CREDIT_BUREAU_DAY,93.22179383039474,55
AMT_REQ_CREDIT_BUREAU_HOUR,0.0,55
AMT_REQ_CREDIT_BUREAU_MON,679.7016754448414,55
AMT_REQ_CREDIT_BUREAU_QRT,5595.2268896102905,55
AMT_REQ_CREDIT_BUREAU_WEEK,33.96512997150421,55
AMT_REQ_CREDIT_BUREAU_YEAR,3927.8492831159383,55
APARTMENTS_AVG,11083.399768662639,55
APARTMENTS_MEDI,10327.959626751952,55
APARTMENTS_MODE,7922.430760927498,55
APPROVED_AMT_ANNUITY_MAX,11458.696147066075,55
APPROVED_AMT_ANNUITY_MEAN,12409.728906355798,55
APPROVED_AMT_APPLICATION_MAX,11083.680642820895,55
APPROVED_AMT_APPLICATION_MEAN,6562.9096240215,55
APPROVED_AMT_CREDIT_MAX,10977.107919193804,55
APPROVED_AMT_CREDIT_MEAN,9212.743082815898,55
APPROVED_AMT_DOWN_PAYMENT_MAX,13867.227947846055,55
APPROVED_AMT_DOWN_PAYMENT_MEAN,5206.911749266088,55
APPROVED_AMT_GOODS_PRICE_MAX,12401.64015962556,55
APPROVED_AMT_GOODS_PRICE_MEAN,7853.28454994224,55
APPROVED_ANNUITY_TO_CNT_PAYMENT_RATIO_MAX,14231.059706537053,55
APPROVED_ANNUITY_TO_CNT_PAYMENT_RATIO_MEAN,12720.203050250188,55
APPROVED_ANNUITY_TO_CNT_PAYMENT_RATIO_MIN,13754.387220203876,55
APPROVED_ANNUITY_TO_CNT_PAYMENT_RATIO_SKEW,4831.697458386421,55
APPROVED_ANNUITY_TO_CNT_PAYMENT_RATIO_VAR,11157.105018023401,55
APPROVED_ANNUITY_TO_DAYS_DECISION_RATIO_MAX,9171.109973454848,55
APPROVED_ANNUITY_TO_DAYS_DECISION_RATIO_MEAN,10982.754705729662,55
APPROVED_ANNUITY_TO_DAYS_DECISION_RATIO_MIN,11121.666687338497,55
APPROVED_ANNUITY_TO_DAYS_DECISION_RATIO_SKEW,10556.066595338285,55
APPROVED_ANNUITY_TO_DAYS_DECISION_RATIO_VAR,12098.860801204108,55
APPROVED_APPLICATION_TO_CNT_PAYMENT_RATIO_MAX,14329.20522915572,55
APPROVED_APPLICATION_TO_CNT_PAYMENT_RATIO_MEAN,11142.194750804454,55
APPROVED_APPLICATION_TO_CNT_PAYMENT_RATIO_MIN,11709.045543493703,55
APPROVED_APPLICATION_TO_CNT_PAYMENT_RATIO_SKEW,6214.720297385007,55
APPROVED_APPLICATION_TO_CNT_PAYMENT_RATIO_VAR,11094.528543871827,55
APPROVED_APP_CREDIT_PERC_MAX,11221.380424947012,55
APPROVED_APP_CREDIT_PERC_MEAN,11694.781052052975,55
APPROVED_CNT_PAYMENT_MAX,9381.02237546444,55
APPROVED_CNT_PAYMENT_MEAN,16278.904713094234,55
APPROVED_CNT_PAYMENT_MIN,1253.5615885853767,55
APPROVED_CNT_PAYMENT_SKEW,9571.46776545234,55
APPROVED_CNT_PAYMENT_SUM,9679.68480682373,55
APPROVED_CNT_PAYMENT_VAR,27056.680502854288,55
APPROVED_CREDIT_PERC_TO_ANNUITY_RATIO_MAX,7677.482609976083,55
APPROVED_CREDIT_PERC_TO_ANNUITY_RATIO_MEAN,9187.883551416919,55
APPROVED_CREDIT_PERC_TO_ANNUITY_RATIO_MIN,8802.516467770562,55
APPROVED_CREDIT_PERC_TO_ANNUITY_RATIO_SKEW,12254.40576271806,55
APPROVED_CREDIT_PERC_TO_ANNUITY_RATIO_VAR,8905.055615516729,55
APPROVED_CREDIT_PERC_TO_DAYS_DECISION_RATIO_MAX,13585.10101300478,55
APPROVED_CREDIT_PERC_TO_DAYS_DECISION_RATIO_MEAN,12622.020267635584,55
APPROVED_CREDIT_PERC_TO_DAYS_DECISION_RATIO_MIN,11623.096595712937,55
APPROVED_CREDIT_PERC_TO_DAYS_DECISION_RATIO_SKEW,12278.870590200182,55
APPROVED_CREDIT_PERC_TO_DAYS_DECISION_RATIO_VAR,12849.995169410482,55
APPROVED_CREDIT_PERC_TO_GOODS_RATIO_MAX,7202.975023660809,55
APPROVED_CREDIT_PERC_TO_GOODS_RATIO_MEAN,13279.028263024986,55
APPROVED_CREDIT_PERC_TO_GOODS_RATIO_MIN,11796.34652132634,55
APPROVED_CREDIT_PERC_TO_GOODS_RATIO_SKEW,3735.264921307564,55
APPROVED_CREDIT_PERC_TO_GOODS_RATIO_VAR,12576.150866725482,55
APPROVED_CREDIT_TO_ANNUITY_RATIO_MAX,9151.121759038419,55
APPROVED_CREDIT_TO_ANNUITY_RATIO_MEAN,7796.64986872673,55
APPROVED_CREDIT_TO_ANNUITY_RATIO_MIN,11945.56178729795,55
APPROVED_CREDIT_TO_ANNUITY_RATIO_SKEW,13155.237255173735,55
APPROVED_CREDIT_TO_ANNUITY_RATIO_VAR,14590.34189902991,55
APPROVED_CREDIT_TO_CNT_PAYMENT_RATIO_MAX,10410.475225135218,55
APPROVED_CREDIT_TO_CNT_PAYMENT_RATIO_MEAN,8452.46010052599,55
APPROVED_CREDIT_TO_CNT_PAYMENT_RATIO_MIN,9642.178459404968,55
APPROVED_CREDIT_TO_CNT_PAYMENT_RATIO_SKEW,5111.317682132125,55
APPROVED_CREDIT_TO_CNT_PAYMENT_RATIO_VAR,6943.467742968351,55
APPROVED_CREDIT_TO_DAYS_DECISION_RATIO_MAX,10429.06558314152,55
APPROVED_CREDIT_TO_DAYS_DECISION_RATIO_MEAN,12232.117718514055,55
APPROVED_CREDIT_TO_DAYS_DECISION_RATIO_MIN,11784.440283517353,55
APPROVED_CREDIT_TO_DAYS_DECISION_RATIO_SKEW,10057.295525662601,55
APPROVED_CREDIT_TO_DAYS_DECISION_RATIO_VAR,15830.950600408018,55
APPROVED_CREDIT_TO_GOODS_RATIO_MAX,17345.149557066616,55
APPROVED_CREDIT_TO_GOODS_RATIO_MEAN,25679.455182109028,55
APPROVED_CREDIT_TO_GOODS_RATIO_MIN,13992.417092617601,55
APPROVED_CREDIT_TO_GOODS_RATIO_SKEW,13359.112127523404,55
APPROVED_CREDIT_TO_GOODS_RATIO_VAR,11788.409754620865,55
APPROVED_DAYS_DECISION_MAX,7515.062916353345,55
APPROVED_DAYS_DECISION_MEAN,12845.502455349546,55
APPROVED_DOWN_PAYMENT_TO_CNT_PAYMENT_RATIO_MAX,17422.783887430094,55
APPROVED_DOWN_PAYMENT_TO_CNT_PAYMENT_RATIO_MEAN,6430.778018576093,55
APPROVED_DOWN_PAYMENT_TO_CNT_PAYMENT_RATIO_MIN,4266.998149007559,55
APPROVED_DOWN_PAYMENT_TO_CNT_PAYMENT_RATIO_SKEW,7874.4086400568485,55
APPROVED_DOWN_PAYMENT_TO_CNT_PAYMENT_RATIO_VAR,14291.048199564219,55
APPROVED_GOODS_PRICE_TO_CNT_PAYMENT_RATIO_MAX,15975.526580746286,55
APPROVED_GOODS_PRICE_TO_CNT_PAYMENT_RATIO_MEAN,11105.07291440852,55
APPROVED_GOODS_PRICE_TO_CNT_PAYMENT_RATIO_MIN,11594.591989751905,55
APPROVED_GOODS_PRICE_TO_CNT_PAYMENT_RATIO_SKEW,6531.081379063427,55
APPROVED_GOODS_PRICE_TO_CNT_PAYMENT_RATIO_VAR,9958.173006780446,55
APPROVED_GOODS_TO_DAYS_DECISION_RATIO_MAX,10252.940341238864,55
APPROVED_GOODS_TO_DAYS_DECISION_RATIO_MEAN,11889.589155400172,55
APPROVED_GOODS_TO_DAYS_DECISION_RATIO_MIN,12152.666592355818,55
APPROVED_GOODS_TO_DAYS_DECISION_RATIO_SKEW,6850.970205474645,55
APPROVED_GOODS_TO_DAYS_DECISION_RATIO_VAR,11239.414865963161,55
APPROVED_HOUR_APPR_PROCESS_START_MAX,9781.515734136105,55
APPROVED_HOUR_APPR_PROCESS_START_MEAN,11875.104270286858,55
APPROVED_RATE_DOWN_PAYMENT_MAX,7440.200713694096,55
APPROVED_RATE_DOWN_PAYMENT_MEAN,8681.629112245515,55
BASEMENTAREA_AVG,6681.958480909234,55
BASEMENTAREA_MEDI,6795.577160835266,55
BASEMENTAREA_MODE,5587.988565675449,55
BURO_AMT_ANNUITY_MAX,3338.714880347252,55
BURO_AMT_ANNUITY_MEAN,4790.077225007117,55
BURO_AMT_CREDIT_MAX_OVERDUE_MAX,10706.743678741157,55
BURO_AMT_CREDIT_MAX_OVERDUE_MEAN,11207.318623937666,55
BURO_AMT_CREDIT_MAX_OVERDUE_MIN,2045.591166473925,55
BURO_AMT_CREDIT_MAX_OVERDUE_SKEW,3321.330655813217,55
BURO_AMT_CREDIT_MAX_OVERDUE_VAR,5420.07576746284,55
BURO_AMT_CREDIT_SUM_DEBT_MEAN,22822.40227471525,55
BURO_AMT_CREDIT_SUM_DEBT_SUM,17753.904388064286,55
BURO_AMT_CREDIT_SUM_LIMIT_MEAN,7309.254220664501,55
BURO_AMT_CREDIT_SUM_LIMIT_SUM,4734.271235406399,55
BURO_AMT_CREDIT_SUM_MEAN,23396.821531252936,55
BURO_AMT_CREDIT_SUM_OVERDUE_MEAN,6716.341812700033,55
BURO_AMT_CREDIT_SUM_SUM,18539.224149719812,55
BURO_CREDIT_ACTIVE_Active_MEAN,7168.289905309677,55
BURO_CREDIT_ACTIVE_BINARY_MEAN,11559.238471762277,55
BURO_CREDIT_ACTIVE_Bad debt_MEAN,0.0,55
BURO_CREDIT_ACTIVE_CLOSED_RATIO,10034.666422575712,55
BURO_CREDIT_ACTIVE_Closed_MEAN,11272.00559784472,55
BURO_CREDIT_ACTIVE_Sold_MEAN,785.7979347407818,55
BURO_CREDIT_ACTIVE_nan_MEAN,0.0,55
BURO_CREDIT_CURRENCY_currency 1_MEAN,50.5974006652832,55
BURO_CREDIT_CURRENCY_currency 2_MEAN,0.0,55
BURO_CREDIT_CURRENCY_currency 3_MEAN,0.0,55
BURO_CREDIT_CURRENCY_currency 4_MEAN,0.0,55
BURO_CREDIT_CURRENCY_nan_MEAN,0.0,55
BURO_CREDIT_DAY_OVERDUE_MEAN,248.98707628250122,55
BURO_CREDIT_ENDDATE_BINARY_MEAN,7094.509051144123,55
BURO_CREDIT_SUM_TO_ANNUITY_RATIO_MAX,2128.336526095867,55
BURO_CREDIT_SUM_TO_ANNUITY_RATIO_MEAN,1357.6043788790703,55
BURO_CREDIT_SUM_TO_ANNUITY_RATIO_MIN,4773.908533498645,55
BURO_CREDIT_SUM_TO_ANNUITY_RATIO_VAR,820.0085789561272,55
BURO_CREDIT_SUM_TO_DEBT_RATIO_MAX,2326.6220220029354,55
BURO_CREDIT_SUM_TO_DEBT_RATIO_MEAN,1059.4262373447418,55
BURO_CREDIT_SUM_TO_DEBT_RATIO_MIN,107523.05758767249,55
BURO_CREDIT_SUM_TO_LIMIT_RATIO_MAX,295.65619254112244,55
BURO_CREDIT_SUM_TO_LIMIT_RATIO_MEAN,130.18444299697876,55
BURO_CREDIT_SUM_TO_LIMIT_RATIO_MIN,4559.168787196279,55
BURO_CREDIT_SUM_TO_MAX_OVERDUE_RATIO_MIN,7493.959509834647,55
BURO_CREDIT_SUM_TO_OVERDUE_RATIO_MAX,163.63600158691406,55
BURO_CREDIT_SUM_TO_OVERDUE_RATIO_MEAN,75.33549880981445,55
BURO_CREDIT_SUM_TO_OVERDUE_RATIO_MIN,618.8429964780807,55
BURO_CREDIT_TYPE_Another type of loan_MEAN,48.606625229120255,55
BURO_CREDIT_TYPE_Car loan_MEAN,2192.53924626112,55
BURO_CREDIT_TYPE_Cash loan (non-earmarked)_MEAN,0.0,55
BURO_CREDIT_TYPE_Consumer credit_MEAN,9238.165357788093,55
BURO_CREDIT_TYPE_Credit card_MEAN,7041.798660701141,55
BURO_CREDIT_TYPE_Interbank credit_MEAN,0.0,55
BURO_CREDIT_TYPE_Loan for business development_MEAN,39.97919845581055,55
BURO_CREDIT_TYPE_Loan for purchase of shares (margin lending)_MEAN,0.0,55
BURO_CREDIT_TYPE_Loan for the purchase of equipment_MEAN,255.1649932861328,55
BURO_CREDIT_TYPE_Loan for working capital replenishment_MEAN,0.0,55
BURO_CREDIT_TYPE_Microloan_MEAN,17329.606472939253,55
BURO_CREDIT_TYPE_Mobile operator loan_MEAN,0.0,55
BURO_CREDIT_TYPE_Mortgage_MEAN,13737.706216454506,55
BURO_CREDIT_TYPE_Real estate loan_MEAN,74.0469970703125,55
BURO_CREDIT_TYPE_Unknown type of loan_MEAN,0.0,55
BURO_CREDIT_TYPE_nan_MEAN,0.0,55
BURO_DAYS_CREDIT_ENDDATE_MEAN,17908.05359041225,55
BURO_DAYS_CREDIT_MAX,27309.49341176916,55
BURO_DAYS_CREDIT_MEAN,25583.899844349828,55
BURO_DAYS_CREDIT_MIN,19565.831055888673,55
BURO_DAYS_CREDIT_SKEW,15924.30898288847,55
BURO_DAYS_CREDIT_UPDATE_MEAN,21960.56905054301,55
BURO_DAYS_CREDIT_VAR,7618.76788200438,55
BURO_DAY_OVERDUE_TO_DAYS_CREDIT_RATIO_SKEW,253.87017178535461,55
BURO_DAY_OVERDUE_TO_DAYS_CREDIT_RATIO_VAR,517.7568652629852,55
BURO_ENDDATE_FACT_TO_DAYS_CREDIT_RATIO_MAX,12795.357909346,55
BURO_ENDDATE_FACT_TO_DAYS_CREDIT_RATIO_MEAN,9212.881398247555,55
BURO_ENDDATE_FACT_TO_DAYS_CREDIT_RATIO_MIN,15420.037421459332,55
BURO_ENDDATE_FACT_TO_DAYS_CREDIT_RATIO_SKEW,6759.312409202568,55
BURO_ENDDATE_FACT_TO_DAYS_CREDIT_RATIO_VAR,9058.85140156746,55
BURO_ENDDATE_TO_DAYS_CREDIT_RATIO_MAX,9955.581668595783,55
BURO_ENDDATE_TO_DAYS_CREDIT_RATIO_MEAN,31574.264891516417,55
BURO_ENDDATE_TO_DAYS_CREDIT_RATIO_MIN,17726.539278551238,55
BURO_ENDDATE_TO_DAYS_CREDIT_RATIO_SKEW,13413.160640543327,55
BURO_ENDDATE_TO_DAYS_CREDIT_RATIO_VAR,19874.05305640027,55
BURO_MAX_OVERDUE_TO_DAYS_CREDIT_RATIO_MAX,2376.7144306898117,55
BURO_MAX_OVERDUE_TO_DAYS_CREDIT_RATIO_MEAN,21401.304198235273,55
BURO_MAX_OVERDUE_TO_DAYS_CREDIT_RATIO_MIN,19667.42105975654,55
BURO_MAX_OVERDUE_TO_DAYS_CREDIT_RATIO_SKEW,3917.394799587084,55
BURO_MAX_OVERDUE_TO_DAYS_CREDIT_RATIO_VAR,11239.016308594495,55
BURO_MONTHS_BALANCE_MAX_MAX,487.97419399023056,55
BURO_MONTHS_BALANCE_MIN_MIN,3529.7942617833614,55
BURO_MONTHS_BALANCE_SIZE_MEAN,6261.927640400827,55
BURO_MONTHS_BALANCE_SIZE_SUM,6878.509633373469,55
BURO_STATUS_0_MEAN_MEAN,10074.726800987963,55
BURO_STATUS_1_MEAN_MEAN,6969.412776097655,55
BURO_STATUS_2_MEAN_MEAN,854.6455445587635,55
BURO_STATUS_3_MEAN_MEAN,210.97736132144928,55
BURO_STATUS_4_MEAN_MEAN,441.27109571546316,55
BURO_STATUS_5_MEAN_MEAN,263.6120116710663,55
BURO_STATUS_C_MEAN_MEAN,5384.86847743392,55
BURO_STATUS_X_MEAN_MEAN,4119.7964925691485,55
BURO_STATUS_nan_MEAN_MEAN,62.741780281066895,55
BURO_UPDATE_TO_DAYS_CREDIT_RATIO_MAX,12801.257774146274,55
BURO_UPDATE_TO_DAYS_CREDIT_RATIO_MEAN,13122.106188530102,55
BURO_UPDATE_TO_DAYS_CREDIT_RATIO_MIN,14377.340164225549,55
BURO_UPDATE_TO_DAYS_CREDIT_RATIO_SKEW,7729.687492340803,55
BURO_UPDATE_TO_DAYS_CREDIT_RATIO_VAR,15202.915697703836,55
CC_AMT_BALANCE_CNT_INSTALMENT_MATURE_CUM_MAX,5259.133979380131,55
CC_AMT_BALANCE_CNT_INSTALMENT_MATURE_CUM_MEAN,8381.340168118477,55
CC_AMT_BALANCE_CNT_INSTALMENT_MATURE_CUM_SUM,4637.617573738098,55
CC_AMT_BALANCE_CNT_INSTALMENT_MATURE_CUM_VAR,578.1683180332184,55
CC_AMT_BALANCE_MAX,3833.0008706972003,55
CC_AMT_BALANCE_MEAN,7308.91267490387,55
CC_AMT_BALANCE_SUM,1701.2371225357056,55
CC_AMT_BALANCE_VAR,3353.8915346115828,55
CC_AMT_CREDIT_LIMIT_ACTUAL_CNT_INSTALMENT_MATURE_CUM_MAX,408.2077054977417,55
CC_AMT_CREDIT_LIMIT_ACTUAL_CNT_INSTALMENT_MATURE_CUM_MEAN,531.2900013923645,55
CC_AMT_CREDIT_LIMIT_ACTUAL_CNT_INSTALMENT_MATURE_CUM_SUM,1324.486558765173,55
CC_AMT_CREDIT_LIMIT_ACTUAL_CNT_INSTALMENT_MATURE_CUM_VAR,1043.4392113219947,55
CC_AMT_CREDIT_LIMIT_ACTUAL_MAX,1514.0614617168903,55
CC_AMT_CREDIT_LIMIT_ACTUAL_MEAN,6679.9357233941555,55
CC_AMT_CREDIT_LIMIT_ACTUAL_SUM,6427.000896051526,55
CC_AMT_CREDIT_LIMIT_ACTUAL_VAR,1723.1488931775093,55
CC_AMT_DRAWINGS_ATM_CURRENT_MAX,3990.945924859494,55
CC_AMT_DRAWINGS_ATM_CURRENT_MEAN,12976.74269168824,55
CC_AMT_DRAWINGS_ATM_CURRENT_SUM,4237.874863378704,55
CC_AMT_DRAWINGS_ATM_CURRENT_VAR,5559.60452247411,55
CC_AMT_DRAWINGS_CURRENT_AMT_CNT_INSTALMENT_MATURE_CUM_MAX,2452.823234140873,55
CC_AMT_DRAWINGS_CURRENT_AMT_CNT_INSTALMENT_MATURE_CUM_MEAN,2045.9439458847046,55
CC_AMT_DRAWINGS_CURRENT_AMT_CNT_INSTALMENT_MATURE_CUM_SUM,2997.8767595291138,55
CC_AMT_DRAWINGS_CURRENT_AMT_CNT_INSTALMENT_MATURE_CUM_VAR,1269.655540138483,55
CC_AMT_DRAWINGS_CURRENT_MAX,2384.340521529317,55
CC_AMT_DRAWINGS_CURRENT_MEAN,8049.613298024982,55
CC_AMT_DRAWINGS_CURRENT_SUM,2472.598604120314,55
CC_AMT_DRAWINGS_CURRENT_VAR,3289.716277241707,55
CC_AMT_DRAWINGS_OTHER_CURRENT_MAX,211.8052482008934,55
CC_AMT_DRAWINGS_OTHER_CURRENT_MEAN,148.65394926071167,55
CC_AMT_DRAWINGS_OTHER_CURRENT_SUM,173.97856438159943,55
CC_AMT_DRAWINGS_OTHER_CURRENT_VAR,452.4985282123089,55
CC_AMT_DRAWINGS_POS_CURRENT_MAX,2444.722471639514,55
CC_AMT_DRAWINGS_POS_CURRENT_MEAN,979.0235008001328,55
CC_AMT_DRAWINGS_POS_CURRENT_SUM,2850.5160034298897,55
CC_AMT_DRAWINGS_POS_CURRENT_VAR,1625.6813353598118,55
CC_AMT_INST_MIN_REGULARITY_CURRENT_RATIO_MAX,3325.999705016613,55
CC_AMT_INST_MIN_REGULARITY_CURRENT_RATIO_MEAN,7587.699955493212,55
CC_AMT_INST_MIN_REGULARITY_CURRENT_RATIO_SUM,1837.1355370879173,55
CC_AMT_INST_MIN_REGULARITY_CURRENT_RATIO_VAR,1991.3998997211456,55
CC_AMT_INST_MIN_REGULARITY_MAX,2046.1258417367935,55
CC_AMT_INST_MIN_REGULARITY_MEAN,3328.892334498465,55
CC_AMT_INST_MIN_REGULARITY_SUM,3005.455476589501,55
CC_AMT_INST_MIN_REGULARITY_TOTAL_CURRENT_RATIO_MAX,2085.5943450033665,55
CC_AMT_INST_MIN_REGULARITY_TOTAL_CURRENT_RATIO_MEAN,5726.528539752588,55
CC_AMT_INST_MIN_REGULARITY_TOTAL_CURRENT_RATIO_SUM,1347.2000648975372,55
CC_AMT_INST_MIN_REGULARITY_TOTAL_CURRENT_RATIO_VAR,1431.519399791956,55
CC_AMT_INST_MIN_REGULARITY_VAR,3120.184466212988,55
CC_AMT_PAYMENT_CURRENT_CNT_INSTALMENT_MATURE_CUM_MAX,2122.2577771395445,55
CC_AMT_PAYMENT_CURRENT_CNT_INSTALMENT_MATURE_CUM_MEAN,2494.8752783983946,55
CC_AMT_PAYMENT_CURRENT_CNT_INSTALMENT_MATURE_CUM_SUM,4258.786716111004,55
CC_AMT_PAYMENT_CURRENT_CNT_INSTALMENT_MATURE_CUM_VAR,2281.2970751971006,55
CC_AMT_PAYMENT_CURRENT_MAX,3038.3743512630463,55
CC_AMT_PAYMENT_CURRENT_MEAN,4743.99710354954,55
CC_AMT_PAYMENT_CURRENT_SUM,6790.40439299494,55
CC_AMT_PAYMENT_CURRENT_TOTAL_RATIO_MEAN,2798.430501833558,55
CC_AMT_PAYMENT_CURRENT_TOTAL_RATIO_VAR,2178.4270242340863,55
CC_AMT_PAYMENT_CURRENT_VAR,3661.5505012152717,55
CC_AMT_PAYMENT_TOTAL_CURRENT_CNT_INSTALMENT_MATURE_CUM_MAX,2707.512088736519,55
CC_AMT_PAYMENT_TOTAL_CURRENT_CNT_INSTALMENT_MATURE_CUM_MEAN,2693.155688494444,55
CC_AMT_PAYMENT_TOTAL_CURRENT_CNT_INSTALMENT_MATURE_CUM_SUM,3508.2322400957346,55
CC_AMT_PAYMENT_TOTAL_CURRENT_CNT_INSTALMENT_MATURE_CUM_VAR,2940.369197629392,55
CC_AMT_PAYMENT_TOTAL_CURRENT_MAX,2284.581713795662,55
CC_AMT_PAYMENT_TOTAL_CURRENT_MEAN,4724.937672208995,55
CC_AMT_PAYMENT_TOTAL_CURRENT_SUM,4869.615907996893,55
CC_AMT_PAYMENT_TOTAL_CURRENT_VAR,3395.9914731681347,55
CC_AMT_RECEIVABLE_PRINCIPAL_AMT_RECIVABLE_RATIO_MAX,4000.9450691975653,55
CC_AMT_RECEIVABLE_PRINCIPAL_AMT_RECIVABLE_RATIO_MEAN,3004.1241661906242,55
CC_AMT_RECEIVABLE_PRINCIPAL_AMT_RECIVABLE_RATIO_SUM,3371.56923738122,55
CC_AMT_RECEIVABLE_PRINCIPAL_AMT_RECIVABLE_RATIO_VAR,4362.59842941165,55
CC_AMT_RECEIVABLE_PRINCIPAL_MAX,2942.2007614299655,55
CC_AMT_RECEIVABLE_PRINCIPAL_MEAN,7908.796913392842,55
CC_AMT_RECEIVABLE_PRINCIPAL_SUM,1198.203743338585,55
CC_AMT_RECEIVABLE_PRINCIPAL_VAR,2450.9268887043,55
CC_AMT_RECIVABLE_AMT_TOTAL_RECEIVABLE_RATIO_MAX,0.0,55
CC_AMT_RECIVABLE_AMT_TOTAL_RECEIVABLE_RATIO_MEAN,0.0,55
CC_AMT_RECIVABLE_AMT_TOTAL_RECEIVABLE_RATIO_SUM,1949.5689450651407,55
CC_AMT_RECIVABLE_AMT_TOTAL_RECEIVABLE_RATIO_VAR,0.0,55
CC_AMT_RECIVABLE_CNT_INSTALMENT_MATURE_CUM_MAX,3504.4477062299848,55
CC_AMT_RECIVABLE_CNT_INSTALMENT_MATURE_CUM_MEAN,6158.987261891365,55
CC_AMT_RECIVABLE_CNT_INSTALMENT_MATURE_CUM_SUM,4251.148210287094,55
CC_AMT_RECIVABLE_CNT_INSTALMENT_MATURE_CUM_VAR,447.66447043418884,55
CC_AMT_RECIVABLE_MAX,4078.192172974348,55
CC_AMT_RECIVABLE_MEAN,6833.306679684669,55
CC_AMT_RECIVABLE_SUM,1528.3024633228779,55
CC_AMT_RECIVABLE_VAR,2916.182024150854,55
CC_AMT_TOTAL_RECEIVABLE_CNT_INSTALMENT_MATURE_CUM_MAX,3939.2936999201775,55
CC_AMT_TOTAL_RECEIVABLE_CNT_INSTALMENT_MATURE_CUM_MEAN,7040.609947681427,55
CC_AMT_TOTAL_RECEIVABLE_CNT_INSTALMENT_MATURE_CUM_SUM,4838.350700616837,55
CC_AMT_TOTAL_RECEIVABLE_CNT_INSTALMENT_MATURE_CUM_VAR,702.0227317810059,55
CC_AMT_TOTAL_RECEIVABLE_MAX,3411.2436820864677,55
CC_AMT_TOTAL_RECEIVABLE_MEAN,6396.324645221233,55
CC_AMT_TOTAL_RECEIVABLE_SUM,1420.448339164257,55
CC_AMT_TOTAL_RECEIVABLE_VAR,3338.600394785404,55
CC_BALANCE_TO_LIMIT_RATIO_MAX,21783.237178537063,55
CC_BALANCE_TO_LIMIT_RATIO_MEAN,21567.11443001358,55
CC_BALANCE_TO_LIMIT_RATIO_SUM,4798.887857347727,55
CC_BALANCE_TO_LIMIT_RATIO_VAR,4615.278310254216,55
CC_CNT_DRAWINGS_ATM_CURRENT_MAX,2842.143725693226,55
CC_CNT_DRAWINGS_ATM_CURRENT_MEAN,26578.820487119257,55
CC_CNT_DRAWINGS_ATM_CURRENT_RATIO_MAX,618.6286314725876,55
CC_CNT_DRAWINGS_ATM_CURRENT_RATIO_MEAN,1726.6651658527553,55
CC_CNT_DRAWINGS_ATM_CURRENT_RATIO_SUM,3164.3221273869276,55
CC_CNT_DRAWINGS_ATM_CURRENT_RATIO_VAR,2202.456208050251,55
CC_CNT_DRAWINGS_ATM_CURRENT_SUM,3798.479405403137,55
CC_CNT_DRAWINGS_ATM_CURRENT_VAR,18182.33622814715,55
CC_CNT_DRAWINGS_CURRENT_MAX,11120.32561595738,55
CC_CNT_DRAWINGS_CURRENT_MEAN,20476.648016564548,55
CC_CNT_DRAWINGS_CURRENT_SUM,4225.869822334498,55
CC_CNT_DRAWINGS_CURRENT_VAR,20685.875027768314,55
CC_CNT_DRAWINGS_OTHER_CURRENT_MAX,22.061100006103516,55
CC_CNT_DRAWINGS_OTHER_CURRENT_MEAN,77.02918028831482,55
CC_CNT_DRAWINGS_OTHER_CURRENT_SUM,0.0,55
CC_CNT_DRAWINGS_OTHER_CURRENT_VAR,72.6546146273613,55
CC_CNT_DRAWINGS_POS_CURRENT_MAX,3515.819834135473,55
CC_CNT_DRAWINGS_POS_CURRENT_MEAN,4001.3951464667916,55
CC_CNT_DRAWINGS_POS_CURRENT_SUM,1825.7471393793821,55
CC_CNT_DRAWINGS_POS_CURRENT_VAR,5137.28700857237,55
CC_CNT_INSTALMENT_MATURE_CUM_MAX,1771.3548696041107,55
CC_CNT_INSTALMENT_MATURE_CUM_MEAN,3773.616933763027,55
CC_CNT_INSTALMENT_MATURE_CUM_SUM,2808.419504970312,55
CC_CNT_INSTALMENT_MATURE_CUM_VAR,3692.947122676298,55
CC_COUNT,2331.032065153122,55
CC_MONTHS_BALANCE_MAX,15.308559656143188,55
CC_MONTHS_BALANCE_MEAN,3468.609928190708,55
CC_MONTHS_BALANCE_SUM,3722.6608079075813,55
CC_MONTHS_BALANCE_VAR,3487.470844179392,55
CC_NAME_CONTRACT_STATUS_Active_MEAN,1573.26899022609,55
CC_NAME_CONTRACT_STATUS_Approved_MEAN,0.0,55
CC_NAME_CONTRACT_STATUS_Completed_MEAN,192.12321853637695,55
CC_NAME_CONTRACT_STATUS_Demand_MEAN,0.0,55
CC_NAME_CONTRACT_STATUS_Refused_MEAN,0.0,55
CC_NAME_CONTRACT_STATUS_Sent proposal_MEAN,0.0,55
CC_NAME_CONTRACT_STATUS_Signed_MEAN,91.6064692735672,55
CC_NAME_CONTRACT_STATUS_nan_MEAN,0.0,55
CC_SK_DPD_DEF_MAX,53.44768047332764,55
CC_SK_DPD_DEF_MEAN,1232.7981291413307,55
CC_SK_DPD_DEF_SUM,66.9424204826355,55
CC_SK_DPD_DEF_VAR,405.6266407966614,55
CC_SK_DPD_MAX,30.00288963317871,55
CC_SK_DPD_MEAN,271.625200510025,55
CC_SK_DPD_SUM,455.22252348065376,55
CC_SK_DPD_VAR,269.99401903152466,55
CLOSED_AMT_ANNUITY_MAX,3425.324862629175,55
CLOSED_AMT_ANNUITY_MEAN,2648.9348554313183,55
CLOSED_AMT_CREDIT_MAX_OVERDUE_MAX,7387.755393490195,55
CLOSED_AMT_CREDIT_MAX_OVERDUE_MEAN,6956.444313515909,55
CLOSED_AMT_CREDIT_MAX_OVERDUE_MIN,3273.058969825506,55
CLOSED_AMT_CREDIT_MAX_OVERDUE_SKEW,1779.2500708699226,55
CLOSED_AMT_CREDIT_MAX_OVERDUE_VAR,3014.0833765119314,55
CLOSED_AMT_CREDIT_SUM_DEBT_MEAN,1304.8550758063793,55
CLOSED_AMT_CREDIT_SUM_DEBT_SUM,2050.189507380128,55
CLOSED_AMT_CREDIT_SUM_LIMIT_MEAN,217.70208168029785,55
CLOSED_AMT_CREDIT_SUM_LIMIT_SUM,48.04035949707031,55
CLOSED_AMT_CREDIT_SUM_MEAN,26147.332646235824,55
CLOSED_AMT_CREDIT_SUM_OVERDUE_MEAN,53.42660140991211,55
CLOSED_AMT_CREDIT_SUM_SUM,23539.707219639327,55
CLOSED_CREDIT_ACTIVE_BINARY_MEAN,0.0,55
CLOSED_CREDIT_DAY_OVERDUE_MEAN,0.0,55
CLOSED_CREDIT_ENDDATE_BINARY_MEAN,5609.729320183396,55
CLOSED_CREDIT_SUM_TO_ANNUITY_RATIO_MAX,1632.4452121257782,55
CLOSED_CREDIT_SUM_TO_ANNUITY_RATIO_MEAN,1454.2429769039154,55
CLOSED_CREDIT_SUM_TO_ANNUITY_RATIO_MIN,3026.7987952679396,55
CLOSED_CREDIT_SUM_TO_ANNUITY_RATIO_VAR,69.09756845235825,55
CLOSED_CREDIT_SUM_TO_DEBT_RATIO_MAX,180.71200561523438,55
CLOSED_CREDIT_SUM_TO_DEBT_RATIO_MEAN,17.81909942626953,55
CLOSED_CREDIT_SUM_TO_DEBT_RATIO_MIN,495.2330302000046,55
CLOSED_CREDIT_SUM_TO_LIMIT_RATIO_MAX,57.91066074371338,55
CLOSED_CREDIT_SUM_TO_LIMIT_RATIO_MEAN,100.85155868530273,55
CLOSED_CREDIT_SUM_TO_LIMIT_RATIO_MIN,99.61167001724243,55
CLOSED_CREDIT_SUM_TO_MAX_OVERDUE_RATIO_MIN,6106.154904872179,55
CLOSED_CREDIT_SUM_TO_OVERDUE_RATIO_MAX,0.0,55
CLOSED_CREDIT_SUM_TO_OVERDUE_RATIO_MEAN,20.674330711364746,55
CLOSED_CREDIT_SUM_TO_OVERDUE_RATIO_MIN,0.0,55
CLOSED_DAYS_CREDIT_ENDDATE_MEAN,13354.520391296595,55
CLOSED_DAYS_CREDIT_MAX,24661.699498238042,55
CLOSED_DAYS_CREDIT_MEAN,15167.541215423495,55
CLOSED_DAYS_CREDIT_MIN,16179.256027496886,55
CLOSED_DAYS_CREDIT_SKEW,8841.377143256366,55
CLOSED_DAYS_CREDIT_UPDATE_MEAN,13594.040725750849,55
CLOSED_DAYS_CREDIT_VAR,16078.353063158691,55
CLOSED_DAY_OVERDUE_TO_DAYS_CREDIT_RATIO_SKEW,193.58789110183716,55
CLOSED_DAY_OVERDUE_TO_DAYS_CREDIT_RATIO_VAR,421.43900537490845,55
CLOSED_ENDDATE_FACT_TO_DAYS_CREDIT_RATIO_MAX,10423.880349427462,55
CLOSED_ENDDATE_FACT_TO_DAYS_CREDIT_RATIO_MEAN,10486.779067662952,55
CLOSED_ENDDATE_FACT_TO_DAYS_CREDIT_RATIO_MIN,14926.98998998478,55
CLOSED_ENDDATE_FACT_TO_DAYS_CREDIT_RATIO_SKEW,7016.939567966387,55
CLOSED_ENDDATE_FACT_TO_DAYS_CREDIT_RATIO_VAR,10026.991095282137,55
CLOSED_ENDDATE_TO_DAYS_CREDIT_RATIO_MAX,7373.39593476383,55
CLOSED_ENDDATE_TO_DAYS_CREDIT_RATIO_MEAN,7944.4472414786,55
CLOSED_ENDDATE_TO_DAYS_CREDIT_RATIO_MIN,16304.323844001163,55
CLOSED_ENDDATE_TO_DAYS_CREDIT_RATIO_SKEW,9288.142660532147,55
CLOSED_ENDDATE_TO_DAYS_CREDIT_RATIO_VAR,15040.992421837058,55
CLOSED_MAX_OVERDUE_TO_DAYS_CREDIT_RATIO_MAX,2825.070364654064,55
CLOSED_MAX_OVERDUE_TO_DAYS_CREDIT_RATIO_MEAN,6364.8579272236675,55
CLOSED_MAX_OVERDUE_TO_DAYS_CREDIT_RATIO_MIN,4712.639217361808,55
CLOSED_MAX_OVERDUE_TO_DAYS_CREDIT_RATIO_SKEW,1482.9444576501846,55
CLOSED_MAX_OVERDUE_TO_DAYS_CREDIT_RATIO_VAR,2954.6651893109083,55
CLOSED_MONTHS_BALANCE_MAX_MAX,776.680258512497,55
CLOSED_MONTHS_BALANCE_MIN_MIN,2525.215096414089,55
CLOSED_MONTHS_BALANCE_SIZE_MEAN,6008.32174115628,55
CLOSED_MONTHS_BALANCE_SIZE_SUM,4813.235843177419,55
CLOSED_UPDATE_TO_DAYS_CREDIT_RATIO_MAX,11527.38884786237,55
CLOSED_UPDATE_TO_DAYS_CREDIT_RATIO_MEAN,11623.234473787248,55
CLOSED_UPDATE_TO_DAYS_CREDIT_RATIO_MIN,17473.84734046017,55
CLOSED_UPDATE_TO_DAYS_CREDIT_RATIO_SKEW,8278.265500344336,55
CLOSED_UPDATE_TO_DAYS_CREDIT_RATIO_VAR,10698.594080797397,55
CNT_CHILDREN,1146.219545274973,55
CNT_FAM_MEMBERS,1475.2938989251852,55
CODE_GENDER,72018.48862409592,55
COMMONAREA_AVG,4167.255056783557,55
COMMONAREA_MEDI,4996.183744609356,55
COMMONAREA_MODE,3450.1606991887093,55
DAYS_BIRTH,83798.1169617325,55
DAYS_EMPLOYED,84707.64723289013,55
DAYS_ID_PUBLISH,36010.18784222752,55
DAYS_LAST_PHONE_CHANGE,33162.54893446807,55
DAYS_REGISTRATION,24045.82859712746,55
DEF_30_CNT_SOCIAL_CIRCLE,14972.979674756527,55
DEF_60_CNT_SOCIAL_CIRCLE,10802.122582554817,55
ELEVATORS_AVG,2294.0752081274986,55
ELEVATORS_MEDI,2062.066238641739,55
ELEVATORS_MODE,1124.0489673614502,55
EMERGENCYSTATE_MODE_No,59.525200843811035,55
EMERGENCYSTATE_MODE_Yes,0.0,55
ENTRANCES_AVG,5127.171493947506,55
ENTRANCES_MEDI,4324.031107246876,55
ENTRANCES_MODE,3857.7691022455692,55
EXT_SOURCE_1,36272.92292116117,55
EXT_SOURCE_2,71866.41691628355,55
EXT_SOURCE_3,77285.83170375042,55
FLAG_CONT_MOBILE,0.0,55
FLAG_DOCUMENT_3,16172.208909694105,55
FLAG_EMAIL,44.30498027801514,55
FLAG_EMP_PHONE,5380.1750111579895,55
FLAG_MOBIL,0.0,55
FLAG_OWN_CAR,5541.711890459061,55
FLAG_OWN_REALTY,490.95748257637024,55
FLAG_PHONE,1482.4328305125237,55
FLAG_WORK_PHONE,8348.387066662312,55
FLOORSMAX_AVG,5350.604290060699,55
FLOORSMAX_MEDI,4084.284591794014,55
FLOORSMAX_MODE,3005.8387190252542,55
FLOORSMIN_AVG,2163.633137345314,55
FLOORSMIN_MEDI,2054.9430238604546,55
FLOORSMIN_MODE,1825.2705904766917,55
FONDKAPREMONT_MODE_not specified,0.0,55
FONDKAPREMONT_MODE_org spec account,37.40909492969513,55
FONDKAPREMONT_MODE_reg oper account,55.063163340091705,55
FONDKAPREMONT_MODE_reg oper spec account,220.29481601715088,55
HOUR_APPR_PROCESS_START,7522.908952921629,55
HOUSETYPE_MODE_block of flats,136.17573928833008,55
HOUSETYPE_MODE_specific housing,22.209310173988342,55
HOUSETYPE_MODE_terraced house,0.0,55
INSTAL_AMT_INSTALMENT_MAX,20916.044013373554,55
INSTAL_AMT_INSTALMENT_MEAN,10684.1925939098,55
INSTAL_AMT_INSTALMENT_SUM,23811.180180268362,55
INSTAL_AMT_PAYMENT_MAX,20620.31441268325,55
INSTAL_AMT_PAYMENT_MEAN,21239.61156223598,55
INSTAL_AMT_PAYMENT_MIN,28474.97678826307,55
INSTAL_AMT_PAYMENT_SUM,38664.99854327459,55
INSTAL_COUNT,16705.615990767255,55
INSTAL_DAYS_ENTRY_PAYMENT_MAX,26744.189502594993,55
INSTAL_DAYS_ENTRY_PAYMENT_MEAN,20943.371846333146,55
INSTAL_DAYS_ENTRY_PAYMENT_SUM,28599.331375634763,55
INSTAL_DAYS_PERC_MEAN,38849.4772099182,55
INSTAL_DAYS_PERC_VAR,16662.657951767556,55
INSTAL_DBD_MAX,14623.620490914676,55
INSTAL_DBD_MEAN,16479.168194428086,55
INSTAL_DBD_SUM,28127.44183118129,55
INSTAL_DPD_MAX,30106.70315808803,55
INSTAL_DPD_MEAN,53035.64185185288,55
INSTAL_DPD_SUM,26765.773084759712,55
INSTAL_NUM_INSTALMENT_VERSION_NUNIQUE,6570.386495605111,55
INSTAL_PAYMENT_DIFF_MEAN,42500.604469727725,55
INSTAL_PAYMENT_DIFF_VAR,11297.808033198118,55
INSTAL_PAYMENT_PERC_MEAN,45969.13259342499,55
INSTAL_PAYMENT_PERC_VAR,15478.913209731225,55
LANDAREA_AVG,3969.606748390943,55
LANDAREA_MEDI,3304.505853384733,55
LANDAREA_MODE,2640.4835172891617,55
LIVE_CITY_NOT_WORK_CITY,1200.9188196063042,55
LIVE_REGION_NOT_WORK_REGION,80.7435793876648,55
LIVINGAPARTMENTS_AVG,4270.453092485666,55
LIVINGAPARTMENTS_MEDI,3455.4445958696306,55
LIVINGAPARTMENTS_MODE,2501.73633903265,55
LIVINGAREA_AVG,10183.518671533093,55
LIVINGAREA_MEDI,9812.034643413499,55
LIVINGAREA_MODE,7257.654850529507,55
NAME_CONTRACT_TYPE_Cash loans,4249.706081390381,55
NAME_CONTRACT_TYPE_Revolving loans,3697.148190498352,55
NAME_EDUCATION_TYPE_Academic degree,0.0,55
NAME_EDUCATION_TYPE_Higher education,45327.090619921684,55
NAME_EDUCATION_TYPE_Incomplete higher,216.73151075839996,55
NAME_EDUCATION_TYPE_Lower secondary,868.7446522116661,55
NAME_EDUCATION_TYPE_Secondary / secondary special,32889.39165329933,55
NAME_FAMILY_STATUS_Civil marriage,2535.8287203907967,55
NAME_FAMILY_STATUS_Married,12914.044603824615,55
NAME_FAMILY_STATUS_Separated,1044.257273554802,55
NAME_FAMILY_STATUS_Single / not married,991.9994897842407,55
NAME_FAMILY_STATUS_Widow,248.52194797992706,55
NAME_HOUSING_TYPE_Co-op apartment,0.0,55
NAME_HOUSING_TYPE_House / apartment,360.38443899154663,55
NAME_HOUSING_TYPE_Municipal apartment,413.4683603346348,55
NAME_HOUSING_TYPE_Office apartment,947.6365219652653,55
NAME_HOUSING_TYPE_Rented apartment,101.2976598739624,55
NAME_HOUSING_TYPE_With parents,20.47258949279785,55
NAME_INCOME_TYPE_Businessman,0.0,55
NAME_INCOME_TYPE_Commercial associate,443.733859539032,55
NAME_INCOME_TYPE_Maternity leave,0.0,55
NAME_INCOME_TYPE_Pensioner,5213.895653247833,55
NAME_INCOME_TYPE_State servant,6592.869051098824,55
NAME_INCOME_TYPE_Student,0.0,55
NAME_INCOME_TYPE_Unemployed,0.0,55
NAME_INCOME_TYPE_Working,23594.9191532135,55
NAME_TYPE_SUITE_Children,6.137274086475372,55
NAME_TYPE_SUITE_Family,45.82470989227295,55
NAME_TYPE_SUITE_Group of people,0.0,55
NAME_TYPE_SUITE_Other_A,0.0,55
NAME_TYPE_SUITE_Other_B,45.35753011703491,55
"NAME_TYPE_SUITE_Spouse, partner",282.9613696336746,55
NAME_TYPE_SUITE_Unaccompanied,81.31266927719116,55
NEW_ANNUITY_TO_BIRTH_RATIO,45737.83190204436,55
NEW_ANNUITY_TO_INCOME_RATIO,35393.95617781207,55
NEW_CAR_TO_BIRTH_RATIO,28282.897193396464,55
NEW_CAR_TO_EMPLOY_RATIO,26168.233871344477,55
NEW_CHILDREN_RATIO,709.4113930463791,55
NEW_CHILD_TO_NON_CHILD_RATIO,768.02656853199,55
NEW_CNT_NON_CHILD,1770.4822719097137,55
NEW_CREDIT_ANNUITY_SOURCES_RATIO,43819.68869872391,55
NEW_CREDIT_PER_CHILD,16157.65707512945,55
NEW_CREDIT_PER_NON_CHILD,24922.617162182753,55
NEW_CREDIT_PER_PERSON,22173.01249049406,55
NEW_CREDIT_TO_ANNUITY_RATIO,160874.21029714786,55
NEW_CREDIT_TO_BIRTH_RATIO,36876.36717384495,55
NEW_CREDIT_TO_GOODS_RATIO,116584.21284908801,55
NEW_CREDIT_TO_INCOME_RATIO,21570.135487008374,55
NEW_DOC_IND_KURT,24183.67468047142,55
NEW_EMPLOY_TO_BIRTH_RATIO,71938.40903970925,55
NEW_EXT_SOURCES_MEAN,362784.35584582016,55
NEW_EXT_SOURCES_MEAN12,89341.78503473382,55
NEW_EXT_SOURCES_MEAN23,285259.10354211554,55
NEW_EXT_SOURCES_MEAN31,133765.41421559826,55
NEW_EXT_SOURCE_RATIO12,28512.846218527295,55
NEW_EXT_SOURCE_RATIO23,39405.16013598861,55
NEW_EXT_SOURCE_RATIO31,14977.462766900659,55
NEW_EXT_SOURCE_WEIGHTED,52847.389208516106,55
NEW_INCOME_PER_NON_CHILD,10182.799913421273,55
NEW_INCOME_PER_PERSON,10110.774770883843,55
NEW_INCOME_TO_BIRTH_RATIO,24160.01129900664,55
NEW_INC_BY_ORG,21500.09364631027,55
NEW_INC_PER_CHLD,8371.148015889805,55
NEW_LIVE_IND_SUM,1125.4490387439728,55
NEW_PAYMENT_RATE,148671.05926995352,55
NEW_PHONE_TO_BIRTH_RATIO,20852.38143096585,55
NEW_SCORES_STD,26955.759264484048,55
NEW_SHORT_EMPLOYMENT,5246.204601883888,55
NEW_SOURCES_MAX,159845.79098647647,55
NEW_SOURCES_MAX12,93470.08065244788,55
NEW_SOURCES_MAX23,92467.38429201394,55
NEW_SOURCES_MAX31,80846.66031759791,55
NEW_SOURCES_MEDIAN,294517.8132735826,55
NEW_SOURCES_MEDIAN12,94487.71800793543,55
NEW_SOURCES_MEDIAN23,236508.95319619495,55
NEW_SOURCES_MEDIAN31,132353.8408904489,55
NEW_SOURCES_MIN,223787.15796361864,55
NEW_SOURCES_MIN12,70793.65209059045,55
NEW_SOURCES_MIN23,158364.37638586387,55
NEW_SOURCES_MIN31,113302.60782797448,55
NEW_SOURCES_PROD,62147.6205714792,55
NEW_SOURCES_PROD12,46386.417695421726,55
NEW_SOURCES_PROD23,180172.56748607382,55
NEW_SOURCES_PROD31,36413.2332097739,55
NEW_SOURCES_SUM,111294.96286465647,55
NEW_SOURCES_SUM12,59396.81363258965,55
NEW_SOURCES_SUM23,153296.69968602806,55
NEW_SOURCES_SUM31,39645.76891315356,55
NEW_YOUNG_AGE,5974.285581111908,55
NONLIVINGAPARTMENTS_AVG,2278.61311179772,55
NONLIVINGAPARTMENTS_MEDI,1970.6724554002285,55
NONLIVINGAPARTMENTS_MODE,1178.958313986659,55
NONLIVINGAREA_AVG,2534.476751346141,55
NONLIVINGAREA_MEDI,1986.4552822113037,55
NONLIVINGAREA_MODE,4725.8334930464625,55
OBS_30_CNT_SOCIAL_CIRCLE,3820.3760536685586,55
OBS_60_CNT_SOCIAL_CIRCLE,4335.953119195998,55
OCCUPATION_TYPE_Accountants,945.6849274635315,55
OCCUPATION_TYPE_Cleaning staff,0.0,55
OCCUPATION_TYPE_Cooking staff,13.30374002456665,55
OCCUPATION_TYPE_Core staff,8320.40911602974,55
OCCUPATION_TYPE_Drivers,8435.054619312286,55
OCCUPATION_TYPE_HR staff,0.0,55
OCCUPATION_TYPE_High skill tech staff,1501.625391215086,55
OCCUPATION_TYPE_IT staff,0.0,55
OCCUPATION_TYPE_Laborers,7339.150962591171,55
OCCUPATION_TYPE_Low-skill Laborers,155.67777967453003,55
OCCUPATION_TYPE_Managers,74.42799019813538,55
OCCUPATION_TYPE_Medicine staff,700.1599652767181,55
OCCUPATION_TYPE_Private service staff,0.0,55
OCCUPATION_TYPE_Realty agents,0.0,55
OCCUPATION_TYPE_Sales staff,1358.3904294967651,55
OCCUPATION_TYPE_Secretaries,0.0,55
OCCUPATION_TYPE_Security staff,51.78346014022827,55
OCCUPATION_TYPE_Waiters/barmen staff,68.55495047569275,55
ORGANIZATION_TYPE_Advertising,0.0,55
ORGANIZATION_TYPE_Agriculture,0.0,55
ORGANIZATION_TYPE_Bank,466.6407292485237,55
ORGANIZATION_TYPE_Business Entity Type 1,18.457200050354004,55
ORGANIZATION_TYPE_Business Entity Type 2,0.0,55
ORGANIZATION_TYPE_Business Entity Type 3,2637.812510371208,55
ORGANIZATION_TYPE_Cleaning,0.0,55
ORGANIZATION_TYPE_Construction,3591.71313521266,55
ORGANIZATION_TYPE_Culture,0.0,55
ORGANIZATION_TYPE_Electricity,0.0,55
ORGANIZATION_TYPE_Emergency,0.0,55
ORGANIZATION_TYPE_Government,10.753899574279785,55
ORGANIZATION_TYPE_Hotel,2.5940699577331543,55
ORGANIZATION_TYPE_Housing,0.0,55
ORGANIZATION_TYPE_Industry: type 1,0.0,55
ORGANIZATION_TYPE_Industry: type 10,0.0,55
ORGANIZATION_TYPE_Industry: type 11,0.0,55
ORGANIZATION_TYPE_Industry: type 12,0.0,55
ORGANIZATION_TYPE_Industry: type 13,0.0,55
ORGANIZATION_TYPE_Industry: type 2,0.0,55
ORGANIZATION_TYPE_Industry: type 3,104.9325158894062,55
ORGANIZATION_TYPE_Industry: type 4,0.0,55
ORGANIZATION_TYPE_Industry: type 5,0.0,55
ORGANIZATION_TYPE_Industry: type 6,0.0,55
ORGANIZATION_TYPE_Industry: type 7,0.0,55
ORGANIZATION_TYPE_Industry: type 8,0.0,55
ORGANIZATION_TYPE_Industry: type 9,1639.8047888576984,55
ORGANIZATION_TYPE_Insurance,0.0,55
ORGANIZATION_TYPE_Kindergarten,122.81192088127136,55
ORGANIZATION_TYPE_Legal Services,0.0,55
ORGANIZATION_TYPE_Medicine,356.13118076324463,55
ORGANIZATION_TYPE_Military,2174.0342539548874,55
ORGANIZATION_TYPE_Mobile,0.0,55
ORGANIZATION_TYPE_Other,390.7764509320259,55
ORGANIZATION_TYPE_Police,208.38624906539917,55
ORGANIZATION_TYPE_Postal,0.0,55
ORGANIZATION_TYPE_Realtor,0.0,55
ORGANIZATION_TYPE_Religion,0.0,55
ORGANIZATION_TYPE_Restaurant,42.21598172187805,55
ORGANIZATION_TYPE_School,1550.0618325769901,55
ORGANIZATION_TYPE_Security,0.0,55
ORGANIZATION_TYPE_Security Ministries,158.5594224333763,55
ORGANIZATION_TYPE_Self-employed,6345.052095383406,55
ORGANIZATION_TYPE_Services,3.293529987335205,55
ORGANIZATION_TYPE_Telecom,0.0,55
ORGANIZATION_TYPE_Trade: type 1,0.0,55
ORGANIZATION_TYPE_Trade: type 2,0.0,55
ORGANIZATION_TYPE_Trade: type 3,118.26966574788094,55
ORGANIZATION_TYPE_Trade: type 4,0.0,55
ORGANIZATION_TYPE_Trade: type 5,0.0,55
ORGANIZATION_TYPE_Trade: type 6,0.0,55
ORGANIZATION_TYPE_Trade: type 7,8.623979806900024,55
ORGANIZATION_TYPE_Transport: type 1,0.0,55
ORGANIZATION_TYPE_Transport: type 2,0.0,55
ORGANIZATION_TYPE_Transport: type 3,2231.688431084156,55
ORGANIZATION_TYPE_Transport: type 4,0.0,55
ORGANIZATION_TYPE_University,0.0,55
OWN_CAR_AGE,25643.446727611125,55
POS_COUNT,22444.69401985407,55
POS_INSTALMENT_FUTURE_RATIO_MEAN,46492.76971323043,55
POS_INSTALMENT_FUTURE_RATIO_MIN,1631.9151965379715,55
POS_INSTALMENT_FUTURE_RATIO_SKEW,28770.80393822305,55
POS_INSTALMENT_FUTURE_RATIO_VAR,18119.055859957938,55
POS_IS_CONTRACT_STATUS_COMPLETED_MEAN,10724.394737292081,55
POS_MONTHS_BALANCE_INSTALLMENT_FUTURE_RATIO_MAX,919.9878780841827,55
POS_MONTHS_BALANCE_INSTALLMENT_FUTURE_RATIO_MEAN,1294.3820576667786,55
POS_MONTHS_BALANCE_INSTALLMENT_FUTURE_RATIO_MIN,45977.76074760128,55
POS_MONTHS_BALANCE_INSTALLMENT_FUTURE_RATIO_SKEW,1091.9383651018143,55
POS_MONTHS_BALANCE_INSTALLMENT_FUTURE_RATIO_VAR,697.0135761350393,55
POS_MONTHS_BALANCE_INSTALLMENT_RATIO_MAX,17311.795105603524,55
POS_MONTHS_BALANCE_INSTALLMENT_RATIO_MEAN,14772.876061143354,55
POS_MONTHS_BALANCE_INSTALLMENT_RATIO_MIN,23287.83539947681,55
POS_MONTHS_BALANCE_INSTALLMENT_RATIO_SKEW,17221.40149769187,55
POS_MONTHS_BALANCE_INSTALLMENT_RATIO_VAR,17213.08706790954,55
POS_MONTHS_BALANCE_MAX,15540.998213894665,55
POS_MONTHS_BALANCE_MEAN,19361.64515968226,55
POS_MONTHS_BALANCE_SIZE,25338.814651052468,55
POS_NAME_CONTRACT_STATUS_Active_MEAN,13719.12569274474,55
POS_NAME_CONTRACT_STATUS_Amortized debt_MEAN,0.0,55
POS_NAME_CONTRACT_STATUS_Approved_MEAN,7.794339895248413,55
POS_NAME_CONTRACT_STATUS_Canceled_MEAN,0.0,55
POS_NAME_CONTRACT_STATUS_Completed_MEAN,11026.919311702251,55
POS_NAME_CONTRACT_STATUS_Demand_MEAN,0.0,55
POS_NAME_CONTRACT_STATUS_Returned to the store_MEAN,1487.3177485466003,55
POS_NAME_CONTRACT_STATUS_Signed_MEAN,2529.6602717638016,55
POS_NAME_CONTRACT_STATUS_XNA_MEAN,0.0,55
POS_NAME_CONTRACT_STATUS_nan_MEAN,0.0,55
POS_POS_CASH_PAID_LATE_MEAN,11456.686306886375,55
POS_POS_CASH_PAID_LATE_WITH_TOLERANCE_MEAN,15428.8933634758,55
POS_SK_DPD_DEF_MAX,12060.186354905367,55
POS_SK_DPD_DEF_MEAN,23970.96783082187,55
POS_SK_DPD_MAX,4621.322090685368,55
POS_SK_DPD_MEAN,7434.753041550517,55
PREV_AMT_ANNUITY_MAX,9180.160116892308,55
PREV_AMT_ANNUITY_MEAN,11460.781556159258,55
PREV_AMT_APPLICATION_MAX,7720.369218889624,55
PREV_AMT_APPLICATION_MEAN,9407.493816572241,55
PREV_AMT_CREDIT_MAX,7756.2408847510815,55
PREV_AMT_CREDIT_MEAN,10376.63882561028,55
PREV_AMT_DOWN_PAYMENT_MAX,12331.221191065386,55
PREV_AMT_DOWN_PAYMENT_MEAN,11550.968697706237,55
PREV_AMT_GOODS_PRICE_MAX,5304.0628716647625,55
PREV_AMT_GOODS_PRICE_MEAN,9678.768461890519,55
PREV_ANNUITY_TO_CNT_PAYMENT_RATIO_MAX,8115.079334363341,55
PREV_ANNUITY_TO_CNT_PAYMENT_RATIO_MEAN,8838.692504454404,55
PREV_ANNUITY_TO_CNT_PAYMENT_RATIO_MIN,13381.665061041247,55
PREV_ANNUITY_TO_CNT_PAYMENT_RATIO_SKEW,5984.7646134495735,55
PREV_ANNUITY_TO_CNT_PAYMENT_RATIO_VAR,11263.35170674324,55
PREV_ANNUITY_TO_DAYS_DECISION_RATIO_MAX,12151.790248182602,55
PREV_ANNUITY_TO_DAYS_DECISION_RATIO_MEAN,8538.459727347363,55
PREV_ANNUITY_TO_DAYS_DECISION_RATIO_MIN,7258.3591913208365,55
PREV_ANNUITY_TO_DAYS_DECISION_RATIO_SKEW,9160.066042527324,55
PREV_ANNUITY_TO_DAYS_DECISION_RATIO_VAR,7581.377545185387,55
PREV_APPLICATION_TO_CNT_PAYMENT_RATIO_MAX,10077.094216264784,55
PREV_APPLICATION_TO_CNT_PAYMENT_RATIO_MEAN,5589.031224727631,55
PREV_APPLICATION_TO_CNT_PAYMENT_RATIO_MIN,14544.278384193312,55
PREV_APPLICATION_TO_CNT_PAYMENT_RATIO_SKEW,4240.699403509498,55
PREV_APPLICATION_TO_CNT_PAYMENT_RATIO_VAR,8456.374889432453,55
PREV_APP_CREDIT_PERC_MAX,12754.60956222564,55
PREV_APP_CREDIT_PERC_MEAN,18586.178249347024,55
PREV_CHANNEL_TYPE_AP+ (Cash loan)_MEAN,4066.4988327771425,55
PREV_CHANNEL_TYPE_Car dealer_MEAN,0.0,55
PREV_CHANNEL_TYPE_Channel of corporate sales_MEAN,2973.9929953813553,55
PREV_CHANNEL_TYPE_Contact center_MEAN,2857.028399422765,55
PREV_CHANNEL_TYPE_Country-wide_MEAN,1547.2464531213045,55
PREV_CHANNEL_TYPE_Credit and cash offices_MEAN,7417.515458846465,55
PREV_CHANNEL_TYPE_Regional / Local_MEAN,906.9725820422173,55
PREV_CHANNEL_TYPE_Stone_MEAN,3000.7019879445434,55
PREV_CHANNEL_TYPE_nan_MEAN,0.0,55
PREV_CNT_PAYMENT_MAX,9420.90165746212,55
PREV_CNT_PAYMENT_MEAN,22185.1044310499,55
PREV_CNT_PAYMENT_MIN,1159.8117722272873,55
PREV_CNT_PAYMENT_SKEW,9368.06966071995,55
PREV_CNT_PAYMENT_SUM,6676.423736777157,55
PREV_CNT_PAYMENT_VAR,30529.834904855117,55
PREV_CODE_REJECT_REASON_CLIENT_MEAN,183.1106505393982,55
PREV_CODE_REJECT_REASON_HC_MEAN,3755.04277074337,55
PREV_CODE_REJECT_REASON_LIMIT_MEAN,2009.02300080657,55
PREV_CODE_REJECT_REASON_SCOFR_MEAN,2038.9089872837067,55
PREV_CODE_REJECT_REASON_SCO_MEAN,1937.535002976656,55
PREV_CODE_REJECT_REASON_SYSTEM_MEAN,0.0,55
PREV_CODE_REJECT_REASON_VERIF_MEAN,30.479820013046265,55
PREV_CODE_REJECT_REASON_XAP_MEAN,17505.20477752009,55
PREV_CODE_REJECT_REASON_XNA_MEAN,0.0,55
PREV_CODE_REJECT_REASON_nan_MEAN,0.0,55
PREV_CREDIT_PERC_TO_ANNUITY_RATIO_MAX,7735.6152924485505,55
PREV_CREDIT_PERC_TO_ANNUITY_RATIO_MEAN,14053.946791944094,55
PREV_CREDIT_PERC_TO_ANNUITY_RATIO_MIN,8490.769036402926,55
PREV_CREDIT_PERC_TO_ANNUITY_RATIO_SKEW,11151.285844606347,55
PREV_CREDIT_PERC_TO_ANNUITY_RATIO_VAR,14475.053070075577,55
PREV_CREDIT_PERC_TO_DAYS_DECISION_RATIO_MAX,11828.962088170927,55
PREV_CREDIT_PERC_TO_DAYS_DECISION_RATIO_MEAN,11546.45711247623,55
PREV_CREDIT_PERC_TO_DAYS_DECISION_RATIO_MIN,10416.834254596382,55
PREV_CREDIT_PERC_TO_DAYS_DECISION_RATIO_SKEW,13662.588730829768,55
PREV_CREDIT_PERC_TO_DAYS_DECISION_RATIO_VAR,12617.892369219568,55
PREV_CREDIT_PERC_TO_GOODS_RATIO_MAX,7145.413290004246,55
PREV_CREDIT_PERC_TO_GOODS_RATIO_MEAN,9863.090075040236,55
PREV_CREDIT_PERC_TO_GOODS_RATIO_MIN,7258.193914530799,55
PREV_CREDIT_PERC_TO_GOODS_RATIO_SKEW,1916.4824473140761,55
PREV_CREDIT_PERC_TO_GOODS_RATIO_VAR,11927.73559133336,55
PREV_CREDIT_TO_ANNUITY_RATIO_MAX,9433.690420947969,55
PREV_CREDIT_TO_ANNUITY_RATIO_MEAN,9578.840293440968,55
PREV_CREDIT_TO_ANNUITY_RATIO_MIN,11406.096749110147,55
PREV_CREDIT_TO_ANNUITY_RATIO_SKEW,8842.317010089755,55
PREV_CREDIT_TO_ANNUITY_RATIO_VAR,11853.479447834194,55
PREV_CREDIT_TO_CNT_PAYMENT_RATIO_MAX,5177.283119753003,55
PREV_CREDIT_TO_CNT_PAYMENT_RATIO_MEAN,3776.086705558002,55
PREV_CREDIT_TO_CNT_PAYMENT_RATIO_MIN,11548.739634213038,55
PREV_CREDIT_TO_CNT_PAYMENT_RATIO_SKEW,5685.535947531462,55
PREV_CREDIT_TO_CNT_PAYMENT_RATIO_VAR,7281.302367754281,55
PREV_CREDIT_TO_DAYS_DECISION_RATIO_MAX,4517.272054065019,55
PREV_CREDIT_TO_DAYS_DECISION_RATIO_MEAN,12173.39931601286,55
PREV_CREDIT_TO_DAYS_DECISION_RATIO_MIN,10062.524174383841,55
PREV_CREDIT_TO_DAYS_DECISION_RATIO_SKEW,10664.969697766355,55
PREV_CREDIT_TO_DAYS_DECISION_RATIO_VAR,11519.765475161374,55
PREV_CREDIT_TO_GOODS_RATIO_MAX,21407.58542443253,55
PREV_CREDIT_TO_GOODS_RATIO_MEAN,37306.04790019989,55
PREV_CREDIT_TO_GOODS_RATIO_MIN,14663.592790927738,55
PREV_CREDIT_TO_GOODS_RATIO_SKEW,11101.9256764194,55
PREV_CREDIT_TO_GOODS_RATIO_VAR,14121.769171279855,55
PREV_DAYS_DECISION_MAX,11747.345610267483,55
PREV_DAYS_DECISION_MEAN,12128.414344814606,55
PREV_DOWN_PAYMENT_TO_CNT_PAYMENT_RATIO_MAX,12336.262762006372,55
PREV_DOWN_PAYMENT_TO_CNT_PAYMENT_RATIO_MEAN,11378.426812969148,55
PREV_DOWN_PAYMENT_TO_CNT_PAYMENT_RATIO_MIN,5354.220738120377,55
PREV_DOWN_PAYMENT_TO_CNT_PAYMENT_RATIO_SKEW,7167.926937606011,55
PREV_DOWN_PAYMENT_TO_CNT_PAYMENT_RATIO_VAR,10752.910737552214,55
PREV_FLAG_LAST_APPL_PER_CONTRACT_N_MEAN,0.0,55
PREV_FLAG_LAST_APPL_PER_CONTRACT_Y_MEAN,0.0,55
PREV_FLAG_LAST_APPL_PER_CONTRACT_nan_MEAN,0.0,55
PREV_GOODS_PRICE_TO_CNT_PAYMENT_RATIO_MAX,8228.03709480539,55
PREV_GOODS_PRICE_TO_CNT_PAYMENT_RATIO_MEAN,5507.392772200517,55
PREV_GOODS_PRICE_TO_CNT_PAYMENT_RATIO_MIN,14845.309785716236,55
PREV_GOODS_PRICE_TO_CNT_PAYMENT_RATIO_SKEW,3812.1808643601835,55
PREV_GOODS_PRICE_TO_CNT_PAYMENT_RATIO_VAR,8957.561896222644,55
PREV_GOODS_TO_DAYS_DECISION_RATIO_MAX,9235.614251663443,55
PREV_GOODS_TO_DAYS_DECISION_RATIO_MEAN,8795.919856501743,55
PREV_GOODS_TO_DAYS_DECISION_RATIO_MIN,9204.8675099276,55
PREV_GOODS_TO_DAYS_DECISION_RATIO_SKEW,8969.48880995065,55
PREV_GOODS_TO_DAYS_DECISION_RATIO_VAR,12429.273993743584,55
PREV_HOUR_APPR_PROCESS_START_MAX,8909.175000756979,55
PREV_HOUR_APPR_PROCESS_START_MEAN,14872.286592438817,55
PREV_NAME_CASH_LOAN_PURPOSE_Building a house or an annex_MEAN,0.0,55
PREV_NAME_CASH_LOAN_PURPOSE_Business development_MEAN,0.0,55
PREV_NAME_CASH_LOAN_PURPOSE_Buying a garage_MEAN,0.0,55
PREV_NAME_CASH_LOAN_PURPOSE_Buying a holiday home / land_MEAN,0.0,55
PREV_NAME_CASH_LOAN_PURPOSE_Buying a home_MEAN,0.0,55
PREV_NAME_CASH_LOAN_PURPOSE_Buying a new car_MEAN,0.0,55
PREV_NAME_CASH_LOAN_PURPOSE_Buying a used car_MEAN,0.0,55
PREV_NAME_CASH_LOAN_PURPOSE_Car repairs_MEAN,1.4496699571609497,55
PREV_NAME_CASH_LOAN_PURPOSE_Education_MEAN,0.0,55
PREV_NAME_CASH_LOAN_PURPOSE_Everyday expenses_MEAN,0.0,55
PREV_NAME_CASH_LOAN_PURPOSE_Furniture_MEAN,0.0,55
PREV_NAME_CASH_LOAN_PURPOSE_Gasification / water supply_MEAN,0.0,55
PREV_NAME_CASH_LOAN_PURPOSE_Hobby_MEAN,0.0,55
PREV_NAME_CASH_LOAN_PURPOSE_Journey_MEAN,0.0,55
PREV_NAME_CASH_LOAN_PURPOSE_Medicine_MEAN,148.26693588495255,55
PREV_NAME_CASH_LOAN_PURPOSE_Money for a third person_MEAN,0.0,55
PREV_NAME_CASH_LOAN_PURPOSE_Other_MEAN,76.62783980369568,55
PREV_NAME_CASH_LOAN_PURPOSE_Payments on other loans_MEAN,0.0,55
PREV_NAME_CASH_LOAN_PURPOSE_Purchase of electronic equipment_MEAN,0.0,55
PREV_NAME_CASH_LOAN_PURPOSE_Refusal to name the goal_MEAN,0.0,55
PREV_NAME_CASH_LOAN_PURPOSE_Repairs_MEAN,358.8259199857712,55
PREV_NAME_CASH_LOAN_PURPOSE_Urgent needs_MEAN,150.71605920791626,55
PREV_NAME_CASH_LOAN_PURPOSE_Wedding / gift / holiday_MEAN,0.0,55
PREV_NAME_CASH_LOAN_PURPOSE_XAP_MEAN,4567.4547968655825,55
PREV_NAME_CASH_LOAN_PURPOSE_XNA_MEAN,1861.0562282949686,55
PREV_NAME_CASH_LOAN_PURPOSE_nan_MEAN,0.0,55
PREV_NAME_CLIENT_TYPE_New_MEAN,8165.638041958213,55
PREV_NAME_CLIENT_TYPE_Refreshed_MEAN,4087.6564638614655,55
PREV_NAME_CLIENT_TYPE_Repeater_MEAN,2877.464032702148,55
PREV_NAME_CLIENT_TYPE_XNA_MEAN,0.0,55
PREV_NAME_CLIENT_TYPE_nan_MEAN,0.0,55
PREV_NAME_CONTRACT_STATUS_Approved_MEAN,13129.35183095932,55
PREV_NAME_CONTRACT_STATUS_Canceled_MEAN,4414.963432431221,55
PREV_NAME_CONTRACT_STATUS_Refused_MEAN,25649.59164915234,55
PREV_NAME_CONTRACT_STATUS_Unused offer_MEAN,151.16132164001465,55
PREV_NAME_CONTRACT_STATUS_nan_MEAN,0.0,55
PREV_NAME_CONTRACT_TYPE_Cash loans_MEAN,3904.943342000246,55
PREV_NAME_CONTRACT_TYPE_Consumer loans_MEAN,2882.63955616951,55
PREV_NAME_CONTRACT_TYPE_Revolving loans_MEAN,1084.4111754894257,55
PREV_NAME_CONTRACT_TYPE_XNA_MEAN,0.0,55
PREV_NAME_CONTRACT_TYPE_nan_MEAN,0.0,55
PREV_NAME_GOODS_CATEGORY_Additional Service_MEAN,0.0,55
PREV_NAME_GOODS_CATEGORY_Animals_MEAN,0.0,55
PREV_NAME_GOODS_CATEGORY_Audio/Video_MEAN,3024.529834777117,55
PREV_NAME_GOODS_CATEGORY_Auto Accessories_MEAN,0.0,55
PREV_NAME_GOODS_CATEGORY_Clothing and Accessories_MEAN,1008.8755396604538,55
PREV_NAME_GOODS_CATEGORY_Computers_MEAN,2072.722222715616,55
PREV_NAME_GOODS_CATEGORY_Construction Materials_MEAN,417.6471680402756,55
PREV_NAME_GOODS_CATEGORY_Consumer Electronics_MEAN,2465.593710795045,55
PREV_NAME_GOODS_CATEGORY_Direct Sales_MEAN,0.0,55
PREV_NAME_GOODS_CATEGORY_Education_MEAN,0.0,55
PREV_NAME_GOODS_CATEGORY_Fitness_MEAN,0.0,55
PREV_NAME_GOODS_CATEGORY_Furniture_MEAN,2833.3864562511444,55
PREV_NAME_GOODS_CATEGORY_Gardening_MEAN,32.89941078424454,55
PREV_NAME_GOODS_CATEGORY_Homewares_MEAN,0.0,55
PREV_NAME_GOODS_CATEGORY_House Construction_MEAN,0.0,55
PREV_NAME_GOODS_CATEGORY_Insurance_MEAN,0.0,55
PREV_NAME_GOODS_CATEGORY_Jewelry_MEAN,131.65162366628647,55
PREV_NAME_GOODS_CATEGORY_Medical Supplies_MEAN,0.0,55
PREV_NAME_GOODS_CATEGORY_Medicine_MEAN,0.0,55
PREV_NAME_GOODS_CATEGORY_Mobile_MEAN,3036.484105711803,55
PREV_NAME_GOODS_CATEGORY_Office Appliances_MEAN,0.0,55
PREV_NAME_GOODS_CATEGORY_Other_MEAN,0.0,55
PREV_NAME_GOODS_CATEGORY_Photo / Cinema Equipment_MEAN,1544.7118783593178,55
PREV_NAME_GOODS_CATEGORY_Sport and Leisure_MEAN,594.0403127074242,55
PREV_NAME_GOODS_CATEGORY_Tourism_MEAN,0.0,55
PREV_NAME_GOODS_CATEGORY_Vehicles_MEAN,34.036959648132324,55
PREV_NAME_GOODS_CATEGORY_Weapon_MEAN,0.0,55
PREV_NAME_GOODS_CATEGORY_XNA_MEAN,2539.249858736992,55
PREV_NAME_GOODS_CATEGORY_nan_MEAN,0.0,55
PREV_NAME_PAYMENT_TYPE_Cash through the bank_MEAN,5647.507538467646,55
PREV_NAME_PAYMENT_TYPE_Cashless from the account of the employer_MEAN,0.0,55
PREV_NAME_PAYMENT_TYPE_Non-cash from your account_MEAN,0.0,55
PREV_NAME_PAYMENT_TYPE_XNA_MEAN,5802.719710492529,55
PREV_NAME_PAYMENT_TYPE_nan_MEAN,0.0,55
PREV_NAME_PORTFOLIO_Cards_MEAN,1362.7763795256615,55
PREV_NAME_PORTFOLIO_Cars_MEAN,0.0,55
PREV_NAME_PORTFOLIO_Cash_MEAN,2848.3913793489337,55
PREV_NAME_PORTFOLIO_POS_MEAN,3560.019992426038,55
PREV_NAME_PORTFOLIO_XNA_MEAN,957.7342908382416,55
PREV_NAME_PORTFOLIO_nan_MEAN,0.0,55
PREV_NAME_PRODUCT_TYPE_XNA_MEAN,2916.67480930686,55
PREV_NAME_PRODUCT_TYPE_nan_MEAN,0.0,55
PREV_NAME_PRODUCT_TYPE_walk-in_MEAN,10597.878269672394,55
PREV_NAME_PRODUCT_TYPE_x-sell_MEAN,2270.866073191166,55
PREV_NAME_SELLER_INDUSTRY_Auto technology_MEAN,275.25843185186386,55
PREV_NAME_SELLER_INDUSTRY_Clothing_MEAN,781.9544992446899,55
PREV_NAME_SELLER_INDUSTRY_Connectivity_MEAN,8109.582769051194,55
PREV_NAME_SELLER_INDUSTRY_Construction_MEAN,283.44046008586884,55
PREV_NAME_SELLER_INDUSTRY_Consumer electronics_MEAN,4190.431196720339,55
PREV_NAME_SELLER_INDUSTRY_Furniture_MEAN,1808.340406179428,55
PREV_NAME_SELLER_INDUSTRY_Industry_MEAN,92.06770488619804,55
PREV_NAME_SELLER_INDUSTRY_Jewelry_MEAN,3.4911999702453613,55
PREV_NAME_SELLER_INDUSTRY_MLM partners_MEAN,0.0,55
PREV_NAME_SELLER_INDUSTRY_Tourism_MEAN,0.0,55
PREV_NAME_SELLER_INDUSTRY_XNA_MEAN,5030.596259930171,55
PREV_NAME_SELLER_INDUSTRY_nan_MEAN,0.0,55
PREV_NAME_TYPE_SUITE_Children_MEAN,730.5369834303856,55
PREV_NAME_TYPE_SUITE_Family_MEAN,861.9414754360914,55
PREV_NAME_TYPE_SUITE_Group of people_MEAN,0.0,55
PREV_NAME_TYPE_SUITE_Other_A_MEAN,49.29507702589035,55
PREV_NAME_TYPE_SUITE_Other_B_MEAN,255.88944256305695,55
"PREV_NAME_TYPE_SUITE_Spouse, partner_MEAN",1705.9520531967282,55
PREV_NAME_TYPE_SUITE_Unaccompanied_MEAN,9582.253575144336,55
PREV_NAME_TYPE_SUITE_nan_MEAN,9250.691386254504,55
PREV_NAME_YIELD_GROUP_XNA_MEAN,5829.090761229396,55
PREV_NAME_YIELD_GROUP_high_MEAN,18434.912798143923,55
PREV_NAME_YIELD_GROUP_low_action_MEAN,14728.884758114815,55
PREV_NAME_YIELD_GROUP_low_normal_MEAN,7175.691746227443,55
PREV_NAME_YIELD_GROUP_middle_MEAN,4206.249766178429,55
PREV_NAME_YIELD_GROUP_nan_MEAN,0.0,55
PREV_PRODUCT_COMBINATION_Card Street_MEAN,649.7585135698318,55
PREV_PRODUCT_COMBINATION_Card X-Sell_MEAN,863.8098104000092,55
PREV_PRODUCT_COMBINATION_Cash Street: high_MEAN,5092.935257107019,55
PREV_PRODUCT_COMBINATION_Cash Street: low_MEAN,5096.021290838718,55
PREV_PRODUCT_COMBINATION_Cash Street: middle_MEAN,1635.0823872685432,55
PREV_PRODUCT_COMBINATION_Cash X-Sell: high_MEAN,7686.460622876883,55
PREV_PRODUCT_COMBINATION_Cash X-Sell: low_MEAN,11213.515463229269,55
PREV_PRODUCT_COMBINATION_Cash X-Sell: middle_MEAN,3072.1686269938946,55
PREV_PRODUCT_COMBINATION_Cash_MEAN,1895.5567887425423,55
PREV_PRODUCT_COMBINATION_POS household with interest_MEAN,2858.329889640212,55
PREV_PRODUCT_COMBINATION_POS household without interest_MEAN,1143.3225370645523,55
PREV_PRODUCT_COMBINATION_POS industry with interest_MEAN,5556.630701042712,55
PREV_PRODUCT_COMBINATION_POS industry without interest_MEAN,251.2152617573738,55
PREV_PRODUCT_COMBINATION_POS mobile with interest_MEAN,4032.7875583022833,55
PREV_PRODUCT_COMBINATION_POS mobile without interest_MEAN,127.28719139099121,55
PREV_PRODUCT_COMBINATION_POS other with interest_MEAN,377.41193068027496,55
PREV_PRODUCT_COMBINATION_POS others without interest_MEAN,0.0,55
PREV_PRODUCT_COMBINATION_nan_MEAN,0.0,55
PREV_RATE_DOWN_PAYMENT_MAX,7705.792189291678,55
PREV_RATE_DOWN_PAYMENT_MEAN,9012.893188484013,55
PREV_WEEKDAY_APPR_PROCESS_START_FRIDAY_MEAN,4705.904591446742,55
PREV_WEEKDAY_APPR_PROCESS_START_MONDAY_MEAN,5526.821847269312,55
PREV_WEEKDAY_APPR_PROCESS_START_SATURDAY_MEAN,5080.445356541313,55
PREV_WEEKDAY_APPR_PROCESS_START_SUNDAY_MEAN,3553.3991219624877,55
PREV_WEEKDAY_APPR_PROCESS_START_THURSDAY_MEAN,4088.9434306919575,55
PREV_WEEKDAY_APPR_PROCESS_START_TUESDAY_MEAN,3102.5289935171604,55
PREV_WEEKDAY_APPR_PROCESS_START_WEDNESDAY_MEAN,2544.4053969830275,55
PREV_WEEKDAY_APPR_PROCESS_START_nan_MEAN,0.0,55
REFUSED_AMT_ANNUITY_MAX,3989.684907376766,55
REFUSED_AMT_ANNUITY_MEAN,2944.5407939255238,55
REFUSED_AMT_APPLICATION_MAX,4052.5276898145676,55
REFUSED_AMT_APPLICATION_MEAN,3138.966441631317,55
REFUSED_AMT_CREDIT_MAX,4978.823594745249,55
REFUSED_AMT_CREDIT_MEAN,6129.0497896671295,55
REFUSED_AMT_DOWN_PAYMENT_MAX,1617.6894848272204,55
REFUSED_AMT_DOWN_PAYMENT_MEAN,1166.9970714449883,55
REFUSED_AMT_GOODS_PRICE_MAX,5533.2852502167225,55
REFUSED_AMT_GOODS_PRICE_MEAN,6715.250551033765,55
REFUSED_ANNUITY_TO_CNT_PAYMENT_RATIO_MAX,6298.449520761147,55
REFUSED_ANNUITY_TO_CNT_PAYMENT_RATIO_MEAN,4301.4609286524355,55
REFUSED_ANNUITY_TO_CNT_PAYMENT_RATIO_MIN,4664.12881654501,55
REFUSED_ANNUITY_TO_CNT_PAYMENT_RATIO_SKEW,2208.0789867537096,55
REFUSED_ANNUITY_TO_CNT_PAYMENT_RATIO_VAR,2971.3762584775686,55
REFUSED_ANNUITY_TO_DAYS_DECISION_RATIO_MAX,5886.6693348977715,55
REFUSED_ANNUITY_TO_DAYS_DECISION_RATIO_MEAN,4379.557222768199,55
REFUSED_ANNUITY_TO_DAYS_DECISION_RATIO_MIN,4295.313395678997,55
REFUSED_ANNUITY_TO_DAYS_DECISION_RATIO_SKEW,1940.0409967247397,55
REFUSED_ANNUITY_TO_DAYS_DECISION_RATIO_VAR,3112.110961139202,55
REFUSED_APPLICATION_TO_CNT_PAYMENT_RATIO_MAX,2296.6964598596096,55
REFUSED_APPLICATION_TO_CNT_PAYMENT_RATIO_MEAN,3222.9407958611846,55
REFUSED_APPLICATION_TO_CNT_PAYMENT_RATIO_MIN,5139.52063447237,55
REFUSED_APPLICATION_TO_CNT_PAYMENT_RATIO_SKEW,743.141856983304,55
REFUSED_APPLICATION_TO_CNT_PAYMENT_RATIO_VAR,2218.247277677059,55
REFUSED_APP_CREDIT_PERC_MAX,3247.917419569567,55
REFUSED_APP_CREDIT_PERC_MEAN,6223.4865168482065,55
REFUSED_CNT_PAYMENT_MAX,3659.2120360794943,55
REFUSED_CNT_PAYMENT_MEAN,4696.994517207146,55
REFUSED_CNT_PAYMENT_MIN,1172.6681639552116,55
REFUSED_CNT_PAYMENT_SKEW,1594.9525512456894,55
REFUSED_CNT_PAYMENT_SUM,4122.936103492975,55
REFUSED_CNT_PAYMENT_VAR,1337.3402121663094,55
REFUSED_CREDIT_PERC_TO_ANNUITY_RATIO_MAX,3122.539784774184,55
REFUSED_CREDIT_PERC_TO_ANNUITY_RATIO_MEAN,4723.827212572098,55
REFUSED_CREDIT_PERC_TO_ANNUITY_RATIO_MIN,3003.4646895341575,55
REFUSED_CREDIT_PERC_TO_ANNUITY_RATIO_SKEW,1552.776085958816,55
REFUSED_CREDIT_PERC_TO_ANNUITY_RATIO_VAR,3909.7458557486534,55
REFUSED_CREDIT_PERC_TO_DAYS_DECISION_RATIO_MAX,6793.437578001991,55
REFUSED_CREDIT_PERC_TO_DAYS_DECISION_RATIO_MEAN,4484.8801269978285,55
REFUSED_CREDIT_PERC_TO_DAYS_DECISION_RATIO_MIN,7356.136679057032,55
REFUSED_CREDIT_PERC_TO_DAYS_DECISION_RATIO_SKEW,3234.7590714097023,55
REFUSED_CREDIT_PERC_TO_DAYS_DECISION_RATIO_VAR,2500.2490398287773,55
REFUSED_CREDIT_PERC_TO_GOODS_RATIO_MAX,4789.176777422428,55
REFUSED_CREDIT_PERC_TO_GOODS_RATIO_MEAN,3156.731975108385,55
REFUSED_CREDIT_PERC_TO_GOODS_RATIO_MIN,4864.971858663484,55
REFUSED_CREDIT_PERC_TO_GOODS_RATIO_SKEW,38.93306016921997,55
REFUSED_CREDIT_PERC_TO_GOODS_RATIO_VAR,4430.196030974388,55
REFUSED_CREDIT_TO_ANNUITY_RATIO_MAX,6843.753066327423,55
REFUSED_CREDIT_TO_ANNUITY_RATIO_MEAN,6665.180560024455,55
REFUSED_CREDIT_TO_ANNUITY_RATIO_MIN,5791.8332976726815,55
REFUSED_CREDIT_TO_ANNUITY_RATIO_SKEW,2376.517825020477,55
REFUSED_CREDIT_TO_ANNUITY_RATIO_VAR,2036.4593373835087,55
REFUSED_CREDIT_TO_CNT_PAYMENT_RATIO_MAX,1843.0242107920349,55
REFUSED_CREDIT_TO_CNT_PAYMENT_RATIO_MEAN,3032.379741244018,55
REFUSED_CREDIT_TO_CNT_PAYMENT_RATIO_MIN,3607.1115748286247,55
REFUSED_CREDIT_TO_CNT_PAYMENT_RATIO_SKEW,863.8328983485699,55
REFUSED_CREDIT_TO_CNT_PAYMENT_RATIO_VAR,1695.1745180524886,55
REFUSED_CREDIT_TO_DAYS_DECISION_RATIO_MAX,11753.947129771113,55
REFUSED_CREDIT_TO_DAYS_DECISION_RATIO_MEAN,5395.0622209608555,55
REFUSED_CREDIT_TO_DAYS_DECISION_RATIO_MIN,6659.535064400989,55
REFUSED_CREDIT_TO_DAYS_DECISION_RATIO_SKEW,3399.7638296484947,55
REFUSED_CREDIT_TO_DAYS_DECISION_RATIO_VAR,10699.151667326689,55
REFUSED_CREDIT_TO_GOODS_RATIO_MAX,9768.431600235403,55
REFUSED_CREDIT_TO_GOODS_RATIO_MEAN,7566.91747200489,55
REFUSED_CREDIT_TO_GOODS_RATIO_MIN,2854.714915037155,55
REFUSED_CREDIT_TO_GOODS_RATIO_SKEW,826.3852555453777,55
REFUSED_CREDIT_TO_GOODS_RATIO_VAR,2638.1031843945384,55
REFUSED_DAYS_DECISION_MAX,19363.442679408938,55
REFUSED_DAYS_DECISION_MEAN,16586.74799900502,55
REFUSED_DOWN_PAYMENT_TO_CNT_PAYMENT_RATIO_MAX,1392.5161476135254,55
REFUSED_DOWN_PAYMENT_TO_CNT_PAYMENT_RATIO_MEAN,1300.903888642788,55
REFUSED_DOWN_PAYMENT_TO_CNT_PAYMENT_RATIO_MIN,1568.0747345089912,55
REFUSED_DOWN_PAYMENT_TO_CNT_PAYMENT_RATIO_SKEW,13.124949932098389,55
REFUSED_DOWN_PAYMENT_TO_CNT_PAYMENT_RATIO_VAR,330.150119304657,55
REFUSED_GOODS_PRICE_TO_CNT_PAYMENT_RATIO_MAX,2452.0789192914963,55
REFUSED_GOODS_PRICE_TO_CNT_PAYMENT_RATIO_MEAN,2871.2940979599953,55
REFUSED_GOODS_PRICE_TO_CNT_PAYMENT_RATIO_MIN,4147.098007768393,55
REFUSED_GOODS_PRICE_TO_CNT_PAYMENT_RATIO_SKEW,844.5207169055939,55
REFUSED_GOODS_PRICE_TO_CNT_PAYMENT_RATIO_VAR,2250.4261994361877,55
REFUSED_GOODS_TO_DAYS_DECISION_RATIO_MAX,2338.9929800480604,55
REFUSED_GOODS_TO_DAYS_DECISION_RATIO_MEAN,6688.280675435439,55
REFUSED_GOODS_TO_DAYS_DECISION_RATIO_MIN,6656.46871574223,55
REFUSED_GOODS_TO_DAYS_DECISION_RATIO_SKEW,3602.789065144956,55
REFUSED_GOODS_TO_DAYS_DECISION_RATIO_VAR,4906.846949797124,55
REFUSED_HOUR_APPR_PROCESS_START_MAX,2814.03753965348,55
REFUSED_HOUR_APPR_PROCESS_START_MEAN,8151.602918237448,55
REFUSED_RATE_DOWN_PAYMENT_MAX,3181.614803612232,55
REFUSED_RATE_DOWN_PAYMENT_MEAN,5480.960040107369,55
REGION_POPULATION_RELATIVE,23670.332995645702,55
REGION_RATING_CLIENT,7795.447305798531,55
REGION_RATING_CLIENT_W_CITY,15500.324967563152,55
REG_CITY_NOT_LIVE_CITY,7093.654010236263,55
REG_CITY_NOT_WORK_CITY,1355.709319114685,55
REG_REGION_NOT_LIVE_REGION,14.132749915122986,55
REG_REGION_NOT_WORK_REGION,203.77601075172424,55
TOTALAREA_MODE,12470.598016973585,55
WALLSMATERIAL_MODE_Block,0.0,55
WALLSMATERIAL_MODE_Mixed,3.7357699871063232,55
WALLSMATERIAL_MODE_Monolithic,0.0,55
WALLSMATERIAL_MODE_Others,26.351088881492615,55
WALLSMATERIAL_MODE_Panel,962.044252872467,55
"WALLSMATERIAL_MODE_Stone, brick",2015.6942079663277,55
WALLSMATERIAL_MODE_Wooden,0.0,55
WEEKDAY_APPR_PROCESS_START_FRIDAY,154.43197011947632,55
WEEKDAY_APPR_PROCESS_START_MONDAY,1723.296852260828,55
WEEKDAY_APPR_PROCESS_START_SATURDAY,642.3391087055206,55
WEEKDAY_APPR_PROCESS_START_SUNDAY,496.62610054016113,55
WEEKDAY_APPR_PROCESS_START_THURSDAY,0.0,55
WEEKDAY_APPR_PROCESS_START_TUESDAY,395.3423430919647,55
WEEKDAY_APPR_PROCESS_START_WEDNESDAY,804.9529173076153,55
YEARS_BEGINEXPLUATATION_AVG,9141.951776269823,55
YEARS_BEGINEXPLUATATION_MEDI,10108.18908444792,55
YEARS_BEGINEXPLUATATION_MODE,9919.137005396187,55
YEARS_BUILD_AVG,3874.457472011447,55
YEARS_BUILD_MEDI,3516.7940328121185,55
YEARS_BUILD_MODE,4485.115038454533,55
